"Age","Attrition","BusinessTravel","DistanceFromHome","Education","EducationField","EnvironmentSatisfaction","Gender","JobInvolvement","JobLevel","JobSatisfaction","MaritalStatus","MonthlyIncome","NumCompaniesWorked","OverTime","PercentSalaryHike","PerformanceRating","RelationshipSatisfaction","StockOptionLevel","TotalWorkingYears","TrainingTimesLastYear","WorkLifeBalance","YearsInCurrentRole","YearsSinceLastPromotion","YearsWithCurrManager","Attrition_KNN"
32,"No","Travel_Rarely",13,4,"Life Sciences",2,"Male",3,2,"4","Divorced",4403,2,"No",11,3,3,"1",8,3,2,2,0,3,"No"
40,"No","Travel_Rarely",14,3,"Medical",3,"Male",2,5,"3","Single",19626,1,"No",14,3,1,"0",21,2,4,7,4,9,"No"
35,"No","Travel_Frequently",18,2,"Life Sciences",3,"Male",3,3,"4","Single",9362,2,"No",11,3,3,"0",10,2,3,2,2,2,"No"
32,"No","Travel_Rarely",1,4,"Marketing",3,"Female",3,3,"4","Married",10422,1,"No",19,3,3,"2",14,3,3,10,5,7,"No"
24,"No","Travel_Frequently",2,1,"Technical Degree",1,"Female",3,1,"4","Single",3760,1,"Yes",13,3,3,"0",6,2,3,3,1,3,"Yes"
27,"No","Travel_Frequently",10,2,"Life Sciences",4,"Male",3,3,"1","Divorced",8793,1,"No",21,4,3,"2",9,4,2,7,1,7,"No"
41,"No","Travel_Rarely",5,5,"Medical",2,"Male",4,1,"3","Married",2127,2,"Yes",12,3,1,"0",7,5,2,2,0,3,"No"
37,"No","Travel_Rarely",10,4,"Life Sciences",4,"Female",2,2,"4","Divorced",6694,2,"Yes",14,3,3,"3",8,5,3,0,0,0,"No"
34,"No","Travel_Rarely",10,4,"Life Sciences",3,"Female",3,1,"3","Married",2220,1,"Yes",19,3,4,"1",1,2,3,1,0,0,"No"
34,"No","Travel_Frequently",10,4,"Technical Degree",4,"Male",2,2,"3","Married",5063,1,"No",14,3,2,"1",8,3,2,2,7,7,"No"
43,"No","Travel_Rarely",6,3,"Medical",1,"Female",2,5,"3","Married",19392,7,"No",13,3,4,"0",21,2,3,12,6,14,"No"
28,"No","Non-Travel",1,2,"Life Sciences",3,"Male",3,1,"4","Divorced",2706,1,"No",15,3,2,"1",3,2,3,2,2,2,"No"
35,"No","Travel_Rarely",7,3,"Other",3,"Male",3,3,"3","Single",10221,3,"No",21,4,2,"0",17,3,4,5,1,6,"No"
30,"No","Travel_Rarely",2,1,"Technical Degree",3,"Male",3,1,"2","Married",2476,1,"No",18,3,1,"1",1,3,3,0,0,0,"No"
46,"No","Travel_Rarely",1,2,"Life Sciences",4,"Female",3,1,"1","Single",3423,6,"No",12,3,3,"0",10,3,4,6,5,7,"No"
31,"No","Non-Travel",20,2,"Marketing",4,"Female",3,2,"3","Married",6932,1,"No",13,3,4,"1",9,2,2,8,0,0,"No"
32,"No","Travel_Rarely",3,4,"Medical",3,"Female",3,2,"1","Married",6725,1,"No",12,3,3,"1",8,2,4,7,6,3,"No"
46,"No","Non-Travel",7,4,"Medical",3,"Female",3,2,"3","Married",5258,2,"No",14,3,3,"0",7,2,4,0,0,0,"No"
34,"No","Travel_Rarely",2,4,"Medical",4,"Male",4,1,"4","Married",2932,0,"Yes",14,3,1,"3",6,3,3,0,1,2,"No"
44,"No","Travel_Rarely",1,4,"Life Sciences",2,"Male",4,2,"1","Married",5033,2,"No",15,3,4,"1",10,5,3,0,2,2,"No"
36,"No","Travel_Rarely",9,2,"Medical",2,"Male",2,2,"2","Divorced",8847,2,"Yes",11,3,3,"1",13,2,3,2,0,2,"No"
48,"No","Travel_Rarely",2,1,"Marketing",2,"Male",4,2,"2","Married",8120,3,"No",12,3,4,"0",12,3,3,2,2,2,"No"
43,"No","Travel_Frequently",9,5,"Medical",4,"Male",3,2,"3","Divorced",5679,3,"Yes",13,3,2,"1",10,3,3,7,4,7,"No"
31,"No","Travel_Frequently",2,4,"Other",4,"Male",3,2,"1","Single",5332,7,"No",13,3,4,"0",10,3,3,2,0,3,"No"
33,"No","Travel_Rarely",1,3,"Life Sciences",2,"Female",2,2,"4","Single",6949,0,"No",14,3,1,"0",6,3,3,0,1,4,"No"
44,"No","Travel_Rarely",5,3,"Marketing",2,"Male",3,5,"2","Married",18213,7,"No",11,3,3,"1",26,5,3,9,3,10,"No"
38,"No","Travel_Rarely",14,3,"Life Sciences",3,"Male",3,2,"2","Married",9924,0,"No",11,3,4,"1",10,3,3,8,7,7,"No"
33,"Yes","Travel_Rarely",9,4,"Marketing",1,"Female",3,2,"1","Single",8224,0,"Yes",17,3,1,"0",6,3,3,2,0,3,"No"
53,"Yes","Travel_Rarely",24,4,"Life Sciences",1,"Male",3,3,"1","Single",10448,6,"Yes",13,3,2,"0",15,2,2,2,2,2,"No"
52,"No","Non-Travel",19,4,"Medical",4,"Male",3,1,"4","Married",4258,0,"No",18,3,1,"1",5,3,3,3,1,2,"No"
32,"No","Travel_Frequently",9,2,"Medical",4,"Male",1,2,"4","Divorced",4668,0,"No",17,3,4,"3",9,2,4,7,0,7,"No"
33,"No","Travel_Rarely",21,3,"Medical",2,"Male",4,1,"2","Married",2028,1,"No",18,3,4,"3",14,6,3,11,2,13,"No"
46,"No","Travel_Rarely",2,3,"Technical Degree",3,"Female",1,4,"2","Married",16872,3,"Yes",12,3,2,"1",28,2,2,7,7,7,"No"
35,"No","Travel_Rarely",1,4,"Medical",4,"Male",2,1,"3","Married",2258,6,"No",12,3,2,"1",10,2,3,0,1,7,"No"
32,"No","Travel_Rarely",5,4,"Life Sciences",4,"Male",2,2,"4","Single",9679,8,"No",24,4,2,"0",8,1,3,0,0,0,"No"
32,"No","Travel_Frequently",7,3,"Life Sciences",2,"Male",4,1,"2","Married",2794,1,"No",20,4,3,"0",5,3,1,1,0,3,"No"
35,"Yes","Travel_Rarely",10,3,"Medical",4,"Male",2,3,"1","Married",10306,9,"No",17,3,3,"0",15,3,3,12,6,0,"No"
36,"Yes","Travel_Rarely",13,5,"Marketing",2,"Male",2,2,"1","Divorced",6134,5,"Yes",13,3,2,"3",16,3,3,2,2,2,"Yes"
56,"No","Travel_Rarely",8,4,"Life Sciences",4,"Male",3,5,"2","Single",19717,6,"No",14,3,1,"0",36,4,3,3,7,7,"No"
31,"No","Travel_Frequently",20,3,"Life Sciences",3,"Male",4,1,"4","Married",2791,0,"No",12,3,1,"1",3,4,3,2,2,2,"No"
58,"No","Non-Travel",2,3,"Medical",2,"Male",3,4,"2","Divorced",16291,4,"No",22,4,4,"1",37,0,2,9,14,14,"No"
45,"No","Travel_Rarely",2,2,"Technical Degree",2,"Male",1,2,"3","Single",6632,0,"No",13,3,1,"0",9,3,3,7,3,1,"No"
49,"No","Travel_Rarely",16,3,"Medical",4,"Female",3,1,"1","Divorced",2587,4,"Yes",16,3,2,"1",17,2,2,2,2,2,"No"
42,"No","Travel_Rarely",9,2,"Other",4,"Male",2,5,"4","Single",19613,8,"No",22,4,4,"0",24,2,3,0,0,1,"No"
23,"No","Travel_Rarely",1,2,"Life Sciences",4,"Male",3,1,"3","Married",1223,1,"No",22,4,4,"1",1,2,3,0,0,1,"No"
42,"No","Travel_Frequently",9,2,"Medical",1,"Female",3,1,"4","Single",3673,1,"No",13,3,3,"0",12,3,3,9,5,8,"No"
32,"Yes","Travel_Rarely",1,2,"Life Sciences",1,"Male",1,2,"2","Single",6735,6,"No",15,3,2,"0",10,2,3,0,0,0,"No"
38,"No","Travel_Rarely",10,4,"Marketing",3,"Male",2,3,"3","Divorced",8740,0,"Yes",14,3,2,"2",9,2,3,7,2,7,"No"
18,"Yes","Travel_Frequently",5,3,"Marketing",2,"Male",3,1,"2","Single",1878,1,"Yes",14,3,4,"0",0,3,3,0,0,0,"Yes"
27,"No","Non-Travel",9,3,"Medical",4,"Male",3,1,"2","Divorced",2024,6,"No",18,3,4,"1",6,1,1,2,2,2,"No"
38,"No","Travel_Rarely",1,1,"Life Sciences",3,"Female",3,1,"1","Single",2619,3,"No",17,3,4,"0",8,3,2,0,0,0,"No"
58,"No","Travel_Rarely",1,3,"Medical",4,"Female",3,5,"1","Married",19701,3,"Yes",21,4,3,"1",32,3,3,8,1,5,"No"
44,"No","Travel_Rarely",2,1,"Life Sciences",1,"Female",4,1,"4","Married",2011,1,"No",13,3,4,"1",10,5,3,5,7,7,"No"
45,"No","Non-Travel",4,2,"Life Sciences",3,"Male",3,2,"2","Married",4447,1,"No",12,3,2,"0",9,5,2,7,0,8,"No"
31,"No","Travel_Rarely",8,4,"Life Sciences",3,"Female",3,2,"4","Single",4424,1,"No",23,4,4,"0",11,2,3,7,1,8,"No"
41,"No","Travel_Rarely",9,4,"Life Sciences",3,"Male",3,1,"1","Divorced",2289,1,"No",20,4,2,"2",5,2,3,3,0,4,"No"
42,"Yes","Travel_Frequently",19,3,"Medical",3,"Male",4,1,"3","Divorced",2759,6,"Yes",12,3,4,"0",7,2,3,2,2,2,"No"
29,"No","Travel_Rarely",3,1,"Medical",2,"Male",3,1,"1","Single",4723,1,"Yes",18,3,4,"0",10,3,3,9,1,5,"No"
37,"No","Non-Travel",1,4,"Medical",1,"Female",3,3,"4","Divorced",13603,2,"Yes",18,3,1,"2",15,2,3,2,0,2,"No"
25,"Yes","Travel_Frequently",24,1,"Life Sciences",3,"Male",1,1,"4","Single",1118,1,"Yes",14,3,4,"0",1,4,3,0,1,0,"No"
36,"Yes","Travel_Rarely",3,1,"Life Sciences",3,"Male",2,3,"4","Married",10325,1,"Yes",11,3,1,"1",16,6,3,7,3,7,"No"
36,"No","Travel_Rarely",10,4,"Technical Degree",4,"Female",3,3,"3","Married",7094,3,"No",12,3,1,"0",10,0,3,7,1,7,"No"
31,"No","Travel_Rarely",2,2,"Life Sciences",1,"Male",3,1,"3","Married",3067,0,"No",19,3,3,"1",3,1,3,2,1,2,"No"
18,"No","Non-Travel",14,3,"Medical",2,"Female",3,1,"3","Single",1514,1,"No",16,3,3,"0",0,4,1,0,0,0,"No"
24,"Yes","Travel_Rarely",17,2,"Life Sciences",4,"Female",3,1,"2","Married",2210,1,"No",13,3,1,"1",1,3,1,0,0,0,"No"
32,"No","Travel_Rarely",5,2,"Life Sciences",1,"Male",4,1,"2","Divorced",3298,0,"Yes",12,3,4,"2",7,5,2,2,0,5,"No"
35,"No","Travel_Rarely",6,4,"Life Sciences",2,"Male",1,2,"4","Single",6646,1,"No",13,3,2,"0",17,3,3,11,11,8,"No"
23,"No","Travel_Rarely",12,2,"Other",4,"Male",3,1,"4","Single",2647,1,"No",13,3,3,"0",5,6,4,2,1,4,"No"
35,"No","Travel_Frequently",1,3,"Medical",2,"Male",3,1,"1","Married",2194,4,"No",13,3,4,"1",5,2,2,2,1,2,"Yes"
37,"No","Travel_Rarely",1,3,"Life Sciences",4,"Female",3,1,"4","Single",2115,1,"No",12,3,2,"0",17,3,3,12,5,7,"No"
41,"No","Travel_Rarely",1,3,"Life Sciences",4,"Male",3,1,"4","Married",2782,3,"No",22,4,1,"1",12,3,3,3,1,0,"No"
28,"No","Travel_Rarely",5,3,"Medical",4,"Male",3,2,"1","Single",8463,0,"No",18,3,4,"0",6,4,3,4,1,3,"No"
35,"Yes","Travel_Rarely",23,2,"Life Sciences",2,"Male",2,2,"3","Married",5916,3,"Yes",13,3,1,"0",8,1,3,0,0,1,"Yes"
41,"No","Travel_Rarely",12,4,"Life Sciences",2,"Male",3,1,"4","Married",4766,3,"Yes",11,3,1,"1",6,4,3,0,0,0,"No"
52,"Yes","Travel_Rarely",5,3,"Life Sciences",2,"Male",3,3,"2","Single",8446,9,"Yes",19,3,3,"0",10,2,2,7,7,7,"No"
30,"No","Travel_Frequently",1,2,"Medical",3,"Female",3,2,"4","Single",4011,1,"No",23,4,4,"0",12,2,3,8,3,7,"No"
34,"No","Travel_Rarely",1,3,"Technical Degree",4,"Male",2,3,"3","Married",7083,1,"Yes",14,3,4,"0",10,3,3,9,8,6,"No"
46,"No","Travel_Rarely",1,4,"Life Sciences",4,"Male",4,4,"1","Single",17567,1,"No",15,3,2,"0",27,5,1,0,0,12,"No"
45,"No","Non-Travel",6,3,"Medical",4,"Female",2,3,"4","Single",8865,6,"No",12,3,4,"0",23,2,3,7,12,8,"No"
31,"No","Travel_Rarely",2,1,"Medical",4,"Female",1,1,"4","Divorced",1129,1,"Yes",11,3,3,"3",1,4,3,0,0,0,"No"
37,"Yes","Travel_Rarely",11,2,"Medical",1,"Female",1,2,"2","Married",4777,5,"No",15,3,1,"0",15,2,1,0,0,0,"Yes"
35,"No","Travel_Rarely",27,4,"Life Sciences",4,"Male",3,2,"3","Married",6883,2,"No",16,3,2,"1",17,3,3,7,0,7,"No"
38,"No","Travel_Frequently",6,4,"Life Sciences",1,"Male",2,2,"3","Married",5321,2,"No",11,3,4,"1",10,1,3,3,7,7,"No"
37,"No","Travel_Rarely",6,3,"Medical",3,"Male",4,2,"1","Divorced",5974,4,"Yes",13,3,1,"2",13,2,3,7,6,7,"No"
36,"No","Travel_Rarely",2,4,"Life Sciences",3,"Female",3,2,"2","Single",5410,9,"Yes",11,3,4,"0",18,2,3,14,5,12,"No"
59,"No","Travel_Rarely",2,3,"Life Sciences",3,"Female",2,4,"4","Single",13726,3,"Yes",13,3,1,"0",30,4,3,3,4,3,"No"
47,"No","Travel_Rarely",14,4,"Marketing",4,"Male",3,2,"1","Single",4960,2,"No",12,3,4,"0",20,2,3,7,1,7,"No"
35,"Yes","Travel_Rarely",14,4,"Other",3,"Male",2,1,"2","Divorced",3743,1,"Yes",24,4,4,"1",5,2,1,2,0,2,"No"
27,"No","Travel_Frequently",8,3,"Life Sciences",4,"Male",3,3,"3","Single",8726,1,"No",15,3,4,"0",9,0,3,8,1,7,"No"
46,"No","Travel_Rarely",2,4,"Marketing",2,"Female",3,5,"1","Single",18947,3,"No",12,3,4,"0",22,2,2,2,2,1,"No"
38,"No","Travel_Frequently",2,2,"Life Sciences",4,"Male",3,1,"4","Married",1702,1,"Yes",23,4,3,"1",1,3,3,0,0,0,"No"
29,"Yes","Travel_Rarely",23,1,"Life Sciences",4,"Female",2,3,"1","Married",7336,1,"No",13,3,1,"1",11,3,1,8,3,10,"No"
37,"Yes","Travel_Rarely",2,2,"Other",4,"Male",2,1,"3","Single",2090,6,"Yes",15,3,2,"0",7,3,3,0,0,0,"No"
35,"No","Travel_Rarely",10,4,"Medical",1,"Female",3,2,"3","Single",6142,3,"Yes",16,3,3,"0",10,4,3,2,0,4,"No"
50,"No","Travel_Rarely",11,3,"Life Sciences",3,"Female",3,5,"2","Single",19926,3,"No",15,3,2,"0",21,5,3,4,4,4,"No"
42,"No","Travel_Rarely",1,1,"Life Sciences",2,"Male",3,2,"3","Married",4907,1,"No",25,4,3,"0",20,3,3,16,11,6,"No"
46,"No","Travel_Rarely",3,3,"Life Sciences",3,"Female",3,4,"2","Married",16606,8,"No",12,3,4,"1",23,2,4,12,5,1,"No"
37,"No","Non-Travel",2,2,"Life Sciences",3,"Male",2,2,"4","Divorced",5163,5,"No",14,3,4,"1",17,2,4,0,0,0,"No"
29,"No","Travel_Frequently",2,1,"Life Sciences",4,"Female",3,1,"2","Married",3180,0,"No",13,3,3,"3",4,3,3,2,0,2,"No"
34,"No","Travel_Rarely",1,3,"Life Sciences",4,"Female",2,1,"2","Married",3294,5,"No",17,3,1,"1",7,2,2,4,0,2,"No"
27,"No","Travel_Rarely",11,1,"Life Sciences",2,"Male",3,1,"1","Married",2099,0,"No",14,3,2,"0",6,3,4,0,1,4,"No"
31,"No","Travel_Rarely",8,2,"Life Sciences",1,"Male",3,3,"4","Divorced",10793,1,"No",18,3,1,"1",13,5,3,7,9,9,"No"
34,"No","Non-Travel",4,4,"Marketing",3,"Female",3,2,"3","Married",6538,9,"No",15,3,1,"1",6,3,3,2,1,2,"No"
23,"No","Travel_Rarely",4,3,"Medical",1,"Male",4,1,"1","Married",2819,2,"No",16,3,1,"1",5,3,4,2,0,2,"No"
53,"No","Travel_Rarely",2,3,"Medical",4,"Male",4,4,"2","Single",16598,4,"No",12,3,2,"0",35,2,2,8,8,8,"No"
26,"No","Travel_Rarely",3,4,"Medical",1,"Male",4,1,"4","Married",4420,1,"No",22,4,2,"1",8,2,3,7,0,7,"No"
29,"No","Non-Travel",1,1,"Technical Degree",4,"Male",3,2,"3","Married",4319,1,"No",13,3,1,"1",10,1,3,7,0,9,"No"
55,"No","Travel_Rarely",26,4,"Human Resources",3,"Male",4,5,"2","Married",19636,4,"Yes",18,3,1,"1",35,0,3,9,1,4,"No"
46,"Yes","Travel_Rarely",21,2,"Medical",4,"Female",3,2,"2","Married",8926,4,"No",22,4,4,"1",13,2,4,7,3,7,"No"
32,"No","Travel_Rarely",2,3,"Technical Degree",4,"Male",3,1,"1","Single",2439,1,"No",14,3,4,"0",4,4,3,2,1,2,"No"
28,"No","Travel_Frequently",6,3,"Life Sciences",3,"Male",2,1,"3","Divorced",2703,1,"Yes",14,3,4,"1",3,2,3,1,0,2,"No"
52,"No","Travel_Rarely",1,2,"Life Sciences",4,"Male",3,4,"4","Married",17099,2,"No",15,3,2,"1",26,2,2,8,7,8,"No"
52,"No","Travel_Rarely",7,4,"Life Sciences",2,"Male",3,3,"2","Single",10445,7,"No",19,3,4,"0",18,4,3,6,4,0,"No"
35,"No","Non-Travel",2,4,"Life Sciences",4,"Female",3,2,"1","Divorced",5093,2,"No",11,3,1,"1",16,2,4,0,0,0,"No"
35,"No","Travel_Rarely",17,4,"Life Sciences",3,"Male",3,2,"1","Married",8966,3,"Yes",15,3,4,"3",15,2,3,7,1,7,"No"
37,"No","Non-Travel",19,2,"Medical",1,"Male",3,3,"2","Single",7642,1,"Yes",13,3,4,"0",10,2,3,0,0,9,"No"
25,"No","Travel_Rarely",10,4,"Life Sciences",3,"Male",3,2,"4","Single",4950,0,"No",14,3,2,"0",5,4,3,3,1,1,"No"
29,"No","Travel_Rarely",13,2,"Other",4,"Male",2,2,"2","Married",4025,4,"Yes",13,3,1,"1",10,2,3,3,0,3,"No"
41,"No","Travel_Rarely",14,3,"Life Sciences",1,"Male",3,1,"3","Divorced",2451,4,"No",12,3,1,"1",13,2,3,8,1,8,"No"
34,"No","Travel_Rarely",2,4,"Technical Degree",3,"Female",3,2,"4","Single",6687,1,"No",11,3,4,"0",14,2,4,11,4,11,"No"
36,"No","Non-Travel",8,3,"Life Sciences",1,"Female",4,3,"1","Married",11713,9,"No",14,3,1,"1",10,2,3,7,0,5,"No"
21,"No","Travel_Rarely",5,1,"Medical",3,"Male",3,1,"1","Single",2380,1,"Yes",11,3,4,"0",2,6,3,2,1,2,"No"
45,"No","Travel_Rarely",9,3,"Marketing",4,"Male",3,3,"1","Divorced",10761,4,"Yes",12,3,3,"1",18,2,3,4,0,2,"No"
38,"No","Travel_Rarely",7,4,"Marketing",4,"Female",2,2,"4","Single",4028,0,"No",20,4,1,"0",8,2,3,7,0,5,"No"
29,"No","Travel_Frequently",2,2,"Life Sciences",2,"Male",3,2,"4","Single",4554,1,"No",18,3,1,"0",10,3,2,7,0,9,"No"
35,"No","Travel_Rarely",7,4,"Life Sciences",3,"Female",3,2,"4","Married",5204,1,"Yes",11,3,4,"0",10,2,3,8,0,9,"No"
32,"Yes","Travel_Frequently",16,1,"Life Sciences",2,"Female",1,1,"1","Single",3919,1,"Yes",22,4,2,"0",10,5,3,2,6,7,"Yes"
45,"No","Travel_Rarely",25,2,"Life Sciences",2,"Female",2,2,"4","Married",5906,0,"No",13,3,4,"2",10,2,2,8,3,8,"No"
43,"No","Travel_Rarely",6,3,"Medical",1,"Female",2,2,"3","Single",4081,1,"Yes",14,3,1,"0",20,3,1,7,1,8,"No"
46,"No","Travel_Rarely",3,3,"Technical Degree",1,"Female",4,4,"1","Divorced",13225,2,"No",12,3,4,"1",25,5,3,17,2,8,"No"
29,"No","Travel_Rarely",5,3,"Medical",1,"Male",2,2,"2","Divorced",4187,1,"Yes",13,3,2,"1",10,3,2,0,0,9,"No"
49,"No","Travel_Rarely",11,4,"Marketing",4,"Female",3,2,"4","Single",4507,3,"No",12,3,3,"0",8,1,4,1,0,4,"No"
42,"No","Travel_Frequently",28,4,"Technical Degree",4,"Female",2,2,"4","Married",4523,0,"No",11,3,4,"3",7,4,4,5,0,4,"No"
39,"No","Travel_Rarely",12,3,"Medical",4,"Male",3,2,"2","Married",5295,4,"No",21,4,3,"0",7,3,3,4,1,0,"No"
43,"No","Travel_Frequently",10,4,"Life Sciences",3,"Female",2,2,"3","Divorced",5257,1,"No",11,3,2,"1",9,3,4,7,0,0,"No"
40,"No","Travel_Frequently",2,2,"Medical",3,"Female",4,2,"2","Married",4244,1,"No",24,4,4,"1",8,2,3,7,3,7,"No"
29,"Yes","Travel_Rarely",1,2,"Life Sciences",2,"Female",2,1,"1","Married",2319,1,"Yes",11,3,4,"1",1,1,3,0,0,0,"No"
54,"No","Travel_Rarely",17,3,"Technical Degree",3,"Female",3,3,"3","Married",10739,8,"No",11,3,3,"1",22,2,3,7,0,8,"No"
39,"Yes","Travel_Rarely",6,3,"Medical",4,"Male",3,1,"1","Married",2404,7,"Yes",21,4,4,"0",8,2,1,2,2,2,"No"
37,"No","Travel_Rarely",3,3,"Life Sciences",3,"Male",3,3,"4","Single",7428,2,"No",12,3,1,"0",12,3,3,3,1,3,"No"
56,"No","Travel_Rarely",23,3,"Life Sciences",4,"Male",3,4,"2","Married",13402,4,"Yes",12,3,1,"1",33,0,3,16,15,9,"No"
58,"No","Travel_Rarely",23,4,"Life Sciences",1,"Male",3,1,"3","Divorced",2372,1,"No",12,3,4,"2",2,3,3,2,2,2,"No"
46,"No","Travel_Rarely",7,2,"Medical",4,"Male",3,3,"3","Divorced",10845,6,"No",13,3,2,"1",13,3,3,7,0,7,"No"
37,"No","Travel_Rarely",6,4,"Medical",3,"Male",3,2,"4","Married",6502,4,"No",14,3,2,"1",7,5,4,4,0,1,"No"
40,"No","Travel_Rarely",2,1,"Medical",2,"Female",4,2,"3","Divorced",6377,5,"No",20,4,2,"3",15,0,3,11,11,8,"No"
29,"No","Non-Travel",2,3,"Life Sciences",4,"Male",3,2,"3","Married",4649,1,"No",14,3,1,"1",4,3,2,3,0,2,"No"
33,"No","Travel_Rarely",14,3,"Medical",4,"Female",3,1,"2","Married",2756,1,"No",13,3,4,"1",8,5,3,7,1,6,"No"
33,"No","Travel_Rarely",8,4,"Life Sciences",1,"Male",3,2,"1","Married",6392,2,"No",13,3,4,"1",8,6,1,2,2,2,"No"
24,"No","Travel_Rarely",24,3,"Medical",4,"Male",3,1,"2","Single",3597,8,"No",22,4,4,"0",6,2,3,3,1,2,"No"
28,"No","Travel_Rarely",27,3,"Medical",2,"Female",1,2,"1","Divorced",4877,0,"No",21,4,2,"1",6,5,2,3,0,0,"No"
31,"Yes","Travel_Rarely",13,4,"Medical",2,"Male",3,2,"1","Divorced",4233,2,"No",17,3,3,"0",9,2,1,1,1,2,"No"
32,"No","Travel_Rarely",10,3,"Marketing",4,"Male",3,2,"4","Single",5396,1,"No",12,3,4,"0",10,2,2,7,0,8,"No"
32,"No","Travel_Rarely",7,3,"Life Sciences",4,"Male",2,2,"3","Married",5484,1,"No",14,3,3,"1",13,3,2,8,4,8,"No"
41,"No","Travel_Rarely",5,3,"Life Sciences",2,"Male",4,2,"2","Single",6870,3,"No",12,3,1,"0",11,3,1,2,1,2,"No"
34,"No","Travel_Rarely",10,3,"Life Sciences",2,"Male",3,1,"2","Divorced",2008,1,"No",14,3,2,"2",1,3,3,0,1,0,"No"
30,"No","Non-Travel",25,2,"Technical Degree",4,"Female",3,2,"3","Married",4736,7,"Yes",12,3,2,"1",4,2,4,2,2,2,"No"
40,"No","Travel_Rarely",2,2,"Marketing",2,"Female",3,2,"2","Married",5677,3,"No",14,3,3,"1",15,4,3,8,5,10,"No"
39,"Yes","Travel_Frequently",2,3,"Life Sciences",1,"Male",3,4,"4","Divorced",12169,7,"No",11,3,4,"3",21,4,3,7,11,5,"No"
43,"No","Travel_Frequently",27,3,"Life Sciences",3,"Female",3,3,"1","Married",10820,8,"No",11,3,3,"1",18,1,3,7,0,1,"No"
42,"No","Travel_Frequently",26,5,"Medical",1,"Female",3,3,"1","Married",13191,3,"Yes",17,3,3,"0",20,6,3,0,0,0,"No"
30,"No","Travel_Rarely",1,1,"Life Sciences",4,"Male",2,2,"4","Married",5126,1,"Yes",12,3,3,"2",10,1,2,8,3,0,"No"
28,"Yes","Non-Travel",24,2,"Technical Degree",2,"Male",2,3,"1","Single",8722,1,"No",12,3,1,"0",10,2,2,7,1,9,"No"
33,"No","Travel_Rarely",8,4,"Marketing",3,"Male",3,2,"3","Divorced",7104,0,"No",12,3,4,"0",6,3,3,0,1,2,"No"
42,"No","Travel_Rarely",17,2,"Life Sciences",4,"Female",4,2,"1","Single",6545,3,"Yes",13,3,3,"0",10,1,3,2,0,2,"No"
35,"No","Travel_Rarely",16,3,"Marketing",3,"Male",3,3,"2","Married",8020,0,"No",15,3,3,"2",12,3,2,9,6,9,"No"
20,"Yes","Travel_Rarely",2,3,"Medical",3,"Female",2,1,"3","Single",2044,1,"No",13,3,4,"0",2,3,2,2,0,2,"No"
49,"No","Travel_Rarely",22,4,"Other",1,"Female",3,4,"2","Married",16413,3,"No",16,3,2,"2",27,2,3,2,1,2,"No"
33,"No","Travel_Rarely",1,5,"Medical",1,"Female",4,4,"3","Divorced",16184,4,"No",19,3,3,"1",10,2,3,1,0,5,"No"
52,"No","Travel_Rarely",6,2,"Technical Degree",4,"Male",3,2,"1","Divorced",5577,3,"Yes",12,3,2,"2",18,3,3,9,6,9,"No"
29,"No","Travel_Rarely",28,4,"Life Sciences",3,"Female",3,1,"4","Divorced",2514,4,"No",22,4,1,"1",11,1,3,5,1,7,"No"
30,"No","Travel_Rarely",27,5,"Marketing",3,"Male",3,2,"4","Divorced",5304,7,"No",23,4,4,"1",10,2,2,7,7,7,"No"
47,"No","Non-Travel",14,4,"Technical Degree",3,"Male",3,2,"2","Married",5467,8,"No",18,3,3,"1",16,4,4,7,1,7,"No"
46,"No","Travel_Frequently",18,1,"Medical",1,"Female",3,3,"3","Married",10527,5,"No",11,3,4,"0",28,3,2,2,1,2,"No"
33,"No","Travel_Rarely",10,5,"Marketing",4,"Male",4,3,"3","Divorced",8380,0,"Yes",14,3,4,"2",10,3,3,8,0,8,"No"
53,"No","Travel_Rarely",2,2,"Medical",3,"Male",3,4,"3","Divorced",14852,6,"No",13,3,3,"1",22,3,4,13,15,2,"No"
21,"No","Travel_Rarely",1,1,"Technical Degree",4,"Female",2,1,"2","Single",2070,1,"Yes",11,3,3,"0",2,6,4,2,2,2,"Yes"
55,"Yes","Travel_Rarely",2,3,"Medical",4,"Male",3,5,"1","Married",19859,5,"Yes",13,3,4,"1",24,2,3,2,1,4,"No"
26,"Yes","Travel_Frequently",2,3,"Life Sciences",1,"Male",3,1,"1","Married",2042,6,"Yes",14,3,2,"1",6,2,3,2,1,2,"No"
32,"No","Travel_Frequently",8,3,"Marketing",2,"Female",3,3,"4","Single",8998,1,"No",14,3,4,"0",9,2,3,8,3,7,"No"
38,"No","Travel_Rarely",1,4,"Life Sciences",1,"Female",2,2,"4","Single",8686,4,"No",22,4,3,"0",12,2,4,3,0,7,"No"
35,"No","Travel_Rarely",2,3,"Life Sciences",3,"Male",2,3,"2","Divorced",10274,2,"No",18,3,2,"1",15,2,4,7,6,4,"No"
38,"No","Travel_Rarely",2,2,"Life Sciences",2,"Female",3,2,"1","Divorced",6893,3,"No",15,3,4,"1",11,3,3,7,1,7,"No"
43,"No","Travel_Frequently",28,3,"Medical",2,"Female",4,1,"3","Single",4739,4,"No",12,3,4,"0",18,2,3,2,1,2,"No"
39,"No","Travel_Rarely",6,3,"Life Sciences",2,"Female",3,3,"2","Single",8376,4,"No",18,3,4,"0",9,3,3,0,2,2,"No"
39,"No","Travel_Frequently",8,1,"Life Sciences",3,"Female",3,1,"3","Married",3755,1,"No",11,3,1,"1",8,3,3,3,0,7,"No"
28,"No","Travel_Rarely",9,3,"Medical",4,"Male",3,1,"4","Married",2070,1,"No",23,4,4,"1",5,3,2,2,0,4,"No"
25,"No","Travel_Frequently",2,1,"Life Sciences",4,"Male",4,2,"3","Divorced",5206,1,"No",17,3,3,"2",7,6,3,7,0,7,"No"
47,"No","Travel_Rarely",2,4,"Life Sciences",2,"Female",4,4,"2","Divorced",15972,6,"No",14,3,3,"3",29,2,3,2,1,2,"No"
50,"No","Travel_Rarely",4,1,"Life Sciences",1,"Male",3,5,"2","Divorced",19144,3,"No",14,3,1,"2",28,4,2,4,1,6,"No"
28,"No","Non-Travel",4,3,"Medical",2,"Male",3,2,"3","Married",4221,1,"No",15,3,2,"0",5,3,4,4,0,4,"No"
30,"No","Travel_Rarely",28,2,"Medical",4,"Female",3,2,"4","Married",5775,1,"No",13,3,4,"2",11,2,3,8,1,9,"No"
31,"No","Travel_Frequently",7,4,"Marketing",1,"Female",3,3,"1","Married",9637,2,"No",14,3,4,"2",9,3,3,2,2,2,"No"
46,"No","Travel_Rarely",18,3,"Medical",3,"Female",3,2,"3","Divorced",4810,2,"No",14,3,3,"1",19,5,2,7,0,8,"No"
48,"No","Travel_Rarely",2,5,"Marketing",2,"Female",3,2,"4","Married",4051,2,"No",14,3,1,"1",14,2,3,7,6,7,"No"
26,"No","Travel_Rarely",2,1,"Medical",1,"Male",2,1,"4","Single",3904,0,"No",12,3,4,"0",5,2,3,3,1,1,"No"
51,"No","Travel_Rarely",1,3,"Life Sciences",3,"Male",3,1,"4","Married",2723,1,"No",11,3,2,"0",1,0,2,0,0,0,"No"
51,"No","Travel_Rarely",9,4,"Life Sciences",4,"Male",3,1,"4","Married",2075,3,"No",23,4,2,"2",10,4,3,2,0,3,"No"
49,"No","Travel_Rarely",8,4,"Technical Degree",4,"Male",2,4,"2","Married",13120,6,"No",17,3,2,"1",22,3,3,8,2,3,"No"
44,"No","Travel_Rarely",7,4,"Medical",1,"Female",2,3,"4","Married",10248,3,"No",14,3,4,"1",24,4,3,6,5,17,"No"
24,"No","Travel_Rarely",17,2,"Other",4,"Male",2,1,"2","Married",2127,1,"No",21,4,4,"1",1,2,3,0,0,0,"No"
40,"Yes","Non-Travel",24,3,"Life Sciences",2,"Female",4,4,"2","Single",13194,4,"Yes",16,3,4,"0",22,2,2,0,0,0,"No"
32,"No","Travel_Rarely",1,3,"Life Sciences",2,"Male",3,2,"2","Married",6220,1,"No",17,3,2,"2",10,3,3,4,0,9,"No"
32,"No","Travel_Rarely",4,3,"Life Sciences",3,"Female",2,2,"3","Married",6162,1,"No",12,3,3,"1",14,3,3,13,6,8,"No"
28,"Yes","Travel_Rarely",1,2,"Life Sciences",1,"Female",1,1,"2","Single",2216,7,"Yes",13,3,4,"0",10,4,3,7,3,7,"No"
32,"No","Travel_Rarely",4,2,"Life Sciences",3,"Female",3,1,"2","Married",3931,2,"No",11,3,1,"1",6,5,3,3,1,2,"No"
44,"No","Travel_Rarely",9,2,"Life Sciences",2,"Male",3,1,"1","Married",2559,1,"Yes",13,3,4,"0",8,0,3,7,7,1,"No"
43,"Yes","Travel_Rarely",9,3,"Marketing",1,"Female",1,2,"3","Single",5346,8,"No",13,3,2,"0",7,2,2,3,1,3,"No"
38,"Yes","Travel_Rarely",29,1,"Medical",2,"Male",3,2,"1","Married",6673,7,"Yes",19,3,2,"0",17,2,3,0,0,0,"No"
30,"No","Travel_Rarely",5,3,"Technical Degree",4,"Female",3,1,"1","Divorced",3204,5,"No",14,3,4,"1",8,3,3,2,2,2,"No"
41,"No","Travel_Rarely",9,1,"Life Sciences",3,"Male",3,3,"3","Divorced",8189,3,"Yes",13,3,3,"1",12,2,3,7,0,7,"No"
41,"No","Travel_Rarely",28,4,"Life Sciences",1,"Female",2,4,"2","Married",13570,0,"No",23,4,3,"1",21,3,3,7,0,10,"No"
42,"No","Travel_Rarely",5,2,"Marketing",4,"Male",3,5,"3","Married",18303,6,"No",13,3,2,"0",21,3,4,0,0,0,"No"
37,"No","Travel_Rarely",10,2,"Life Sciences",4,"Male",4,1,"4","Single",4680,3,"No",17,3,1,"0",4,2,3,0,0,0,"No"
42,"No","Travel_Rarely",1,2,"Life Sciences",4,"Female",2,2,"4","Married",6062,9,"Yes",13,3,4,"1",8,4,3,3,0,2,"No"
27,"No","Travel_Rarely",3,4,"Medical",1,"Male",2,1,"4","Single",2045,0,"No",13,3,4,"0",5,0,3,2,1,1,"No"
40,"No","Travel_Rarely",2,3,"Medical",3,"Male",3,1,"3","Divorced",2345,2,"No",14,3,3,"1",8,3,4,1,1,2,"No"
38,"No","Travel_Rarely",10,3,"Medical",3,"Female",3,2,"3","Married",9824,3,"No",19,3,3,"1",18,4,3,0,0,0,"No"
48,"No","Travel_Frequently",22,3,"Medical",4,"Female",3,4,"4","Divorced",17174,3,"No",11,3,2,"1",24,3,3,17,4,7,"No"
30,"No","Travel_Rarely",18,3,"Life Sciences",1,"Female",3,1,"3","Single",2632,1,"No",14,3,3,"0",5,4,2,4,0,4,"No"
26,"No","Travel_Rarely",4,2,"Life Sciences",3,"Male",3,1,"4","Single",2875,1,"Yes",20,4,2,"0",8,2,2,5,2,2,"No"
34,"No","Travel_Rarely",2,3,"Other",4,"Male",3,2,"4","Single",6274,1,"No",22,4,3,"0",6,5,3,5,1,4,"No"
45,"Yes","Travel_Frequently",26,4,"Life Sciences",1,"Female",3,2,"1","Married",4286,2,"No",14,3,4,"2",5,4,3,1,0,0,"No"
33,"No","Non-Travel",16,3,"Life Sciences",3,"Female",3,2,"4","Divorced",5368,1,"Yes",25,4,3,"1",7,2,3,5,1,2,"No"
28,"No","Travel_Rarely",1,3,"Life Sciences",1,"Male",2,1,"3","Divorced",1563,1,"No",14,3,4,"1",1,2,1,0,0,0,"No"
38,"No","Travel_Rarely",9,2,"Life Sciences",2,"Male",3,1,"4","Divorced",4771,2,"No",19,3,4,"2",10,0,4,2,0,3,"No"
30,"No","Travel_Rarely",1,2,"Medical",4,"Male",3,1,"2","Married",3748,1,"No",13,3,3,"0",12,6,2,8,1,7,"No"
35,"No","Travel_Rarely",4,2,"Other",3,"Male",3,1,"4","Divorced",1951,1,"No",12,3,3,"1",1,3,3,0,0,0,"No"
22,"No","Travel_Rarely",5,3,"Life Sciences",4,"Male",4,1,"2","Divorced",2328,1,"Yes",16,3,1,"1",4,2,2,2,2,2,"No"
24,"No","Travel_Rarely",3,2,"Other",1,"Female",3,2,"3","Married",4999,0,"No",21,4,1,"1",4,2,2,2,0,2,"No"
49,"No","Travel_Rarely",6,1,"Life Sciences",3,"Female",2,4,"3","Married",13966,2,"Yes",19,3,2,"1",30,3,3,11,2,12,"No"
45,"No","Travel_Rarely",2,2,"Other",4,"Female",2,2,"4","Divorced",5770,1,"No",19,3,1,"2",10,3,3,7,3,9,"No"
35,"No","Travel_Rarely",2,3,"Marketing",4,"Female",3,1,"4","Married",2014,1,"No",13,3,1,"0",2,3,3,2,2,2,"No"
47,"Yes","Travel_Frequently",9,3,"Life Sciences",3,"Male",1,4,"3","Married",12936,7,"No",11,3,3,"0",25,3,1,5,14,10,"No"
54,"No","Travel_Rarely",3,3,"Marketing",4,"Female",3,2,"1","Married",5940,2,"No",14,3,4,"1",16,4,3,2,0,5,"No"
43,"No","Travel_Frequently",26,2,"Life Sciences",3,"Male",3,4,"4","Married",16959,1,"Yes",12,3,4,"2",25,3,4,12,4,12,"No"
37,"Yes","Travel_Rarely",1,4,"Life Sciences",1,"Male",2,3,"3","Married",10609,5,"No",11,3,3,"0",17,2,1,1,11,7,"No"
42,"No","Travel_Rarely",2,3,"Life Sciences",1,"Male",3,5,"3","Married",18880,5,"No",11,3,1,"0",24,2,2,6,4,14,"No"
32,"No","Travel_Rarely",9,4,"Life Sciences",1,"Female",3,2,"4","Married",6322,1,"Yes",12,3,4,"1",6,2,2,4,0,5,"No"
25,"No","Travel_Rarely",2,3,"Human Resources",3,"Female",3,1,"2","Married",2187,4,"No",14,3,3,"0",6,3,3,0,1,2,"No"
50,"No","Travel_Rarely",17,5,"Life Sciences",4,"Female",2,3,"1","Divorced",13269,5,"No",15,3,3,"3",19,3,3,11,1,11,"No"
42,"No","Travel_Rarely",24,3,"Medical",4,"Male",3,3,"1","Married",7406,1,"Yes",21,4,4,"1",10,5,2,9,5,8,"No"
45,"No","Travel_Frequently",25,3,"Medical",2,"Female",3,5,"2","Single",18061,3,"No",22,4,3,"0",22,4,3,0,0,0,"No"
29,"No","Travel_Rarely",2,3,"Life Sciences",3,"Male",3,1,"2","Married",2703,0,"No",23,4,4,"1",6,3,3,4,0,4,"No"
25,"Yes","Travel_Rarely",9,2,"Life Sciences",1,"Male",2,1,"1","Married",4400,3,"No",12,3,1,"0",6,2,3,2,2,2,"No"
29,"No","Travel_Rarely",8,1,"Medical",2,"Male",2,2,"4","Married",5056,1,"Yes",15,3,3,"1",10,2,2,7,1,2,"No"
29,"No","Travel_Rarely",7,1,"Medical",1,"Female",2,1,"4","Divorced",2532,6,"No",14,3,3,"3",8,5,3,3,0,3,"No"
31,"No","Travel_Rarely",7,4,"Medical",3,"Female",3,3,"4","Single",7143,1,"Yes",14,3,3,"0",11,2,2,9,4,10,"No"
32,"No","Travel_Rarely",1,4,"Medical",2,"Male",2,1,"2","Married",2269,0,"No",14,3,2,"1",3,2,3,2,2,2,"No"
41,"No","Travel_Frequently",22,3,"Life Sciences",4,"Female",3,2,"4","Divorced",5467,3,"Yes",14,3,1,"2",12,4,2,2,3,3,"No"
41,"No","Travel_Rarely",2,5,"Life Sciences",2,"Female",3,4,"1","Married",16595,7,"No",16,3,2,"1",22,2,3,16,11,8,"No"
33,"No","Non-Travel",1,2,"Medical",2,"Male",2,1,"3","Divorced",2008,1,"No",12,3,3,"3",1,2,2,1,0,0,"No"
36,"No","Non-Travel",8,4,"Technical Degree",1,"Male",3,2,"4","Divorced",5079,4,"No",13,3,4,"2",12,3,3,7,0,7,"No"
45,"No","Travel_Rarely",2,3,"Life Sciences",2,"Female",2,1,"3","Single",2274,1,"No",14,3,4,"0",1,3,3,0,0,0,"No"
31,"Yes","Travel_Rarely",18,5,"Human Resources",4,"Male",4,1,"1","Married",2956,0,"No",17,3,3,"0",2,4,3,0,0,0,"No"
40,"No","Non-Travel",8,1,"Medical",4,"Male",2,3,"2","Divorced",13757,2,"No",11,3,3,"1",16,5,3,8,4,8,"No"
43,"No","Non-Travel",9,3,"Life Sciences",1,"Male",3,1,"3","Single",2438,4,"No",13,3,3,"0",7,2,2,2,1,2,"No"
31,"No","Travel_Frequently",5,3,"Marketing",4,"Female",3,1,"2","Divorced",2789,1,"No",11,3,3,"1",2,5,2,2,2,2,"No"
30,"No","Travel_Rarely",7,4,"Marketing",4,"Female",3,2,"1","Divorced",4779,7,"No",14,3,2,"2",8,3,3,2,0,2,"No"
34,"No","Travel_Rarely",4,3,"Life Sciences",3,"Male",3,3,"4","Married",9713,2,"Yes",13,3,4,"3",9,3,3,3,1,0,"No"
25,"No","Travel_Rarely",2,1,"Other",4,"Male",3,1,"3","Divorced",3977,6,"Yes",19,3,3,"1",7,2,2,2,0,2,"No"
31,"Yes","Travel_Frequently",2,3,"Life Sciences",3,"Female",2,1,"4","Single",2785,7,"No",14,3,3,"0",3,3,4,0,0,0,"No"
29,"Yes","Travel_Rarely",1,4,"Technical Degree",1,"Male",2,1,"1","Single",2362,6,"No",13,3,3,"0",11,2,1,7,0,7,"No"
33,"Yes","Travel_Rarely",14,3,"Medical",3,"Male",3,1,"4","Married",2436,5,"Yes",13,3,3,"1",8,2,1,4,0,4,"No"
29,"No","Travel_Frequently",20,3,"Technical Degree",3,"Female",3,1,"4","Married",2157,1,"No",15,3,2,"1",3,5,3,1,0,2,"No"
24,"No","Travel_Rarely",18,1,"Life Sciences",2,"Male",3,1,"3","Married",2774,0,"No",12,3,3,"1",6,2,3,3,1,2,"No"
35,"No","Travel_Rarely",16,3,"Medical",1,"Male",4,1,"2","Married",2426,0,"No",13,3,3,"1",6,5,3,4,0,3,"No"
34,"No","Travel_Frequently",15,3,"Medical",2,"Male",3,4,"1","Divorced",17007,7,"No",14,3,4,"2",16,3,2,8,6,9,"No"
32,"Yes","Travel_Rarely",2,4,"Life Sciences",4,"Male",3,1,"2","Single",1393,1,"No",12,3,1,"0",1,2,3,0,0,0,"No"
33,"No","Travel_Frequently",7,2,"Life Sciences",4,"Male",3,2,"3","Divorced",5968,1,"No",20,4,3,"3",9,2,3,7,2,8,"No"
30,"No","Travel_Rarely",20,3,"Other",3,"Male",3,2,"1","Married",9957,0,"No",15,3,3,"1",7,1,2,2,0,2,"No"
45,"No","Non-Travel",2,4,"Life Sciences",3,"Female",3,2,"3","Married",5154,4,"No",22,4,2,"2",10,3,4,7,5,7,"No"
34,"No","Travel_Rarely",3,3,"Life Sciences",4,"Female",3,2,"2","Divorced",5433,1,"No",12,3,3,"1",11,2,3,8,7,9,"No"
27,"No","Travel_Rarely",23,1,"Medical",2,"Female",2,2,"3","Married",3540,1,"No",21,4,4,"1",9,5,3,8,5,8,"No"
36,"No","Travel_Rarely",16,4,"Marketing",3,"Female",2,2,"1","Married",5647,4,"No",13,3,1,"2",11,3,2,2,0,2,"No"
55,"No","Travel_Rarely",14,4,"Medical",3,"Male",4,5,"2","Single",18722,8,"No",11,3,4,"0",36,3,3,15,2,15,"No"
56,"No","Travel_Rarely",4,4,"Technical Degree",4,"Female",3,5,"1","Divorced",19943,4,"No",13,3,4,"1",28,2,3,2,4,2,"No"
22,"No","Travel_Rarely",11,3,"Medical",1,"Female",3,1,"2","Married",2244,1,"No",13,3,4,"1",2,1,3,1,1,2,"No"
43,"No","Travel_Frequently",10,4,"Life Sciences",3,"Female",3,1,"4","Single",2455,0,"No",19,3,1,"0",9,5,3,7,1,7,"No"
25,"Yes","Travel_Rarely",5,3,"Marketing",3,"Male",2,2,"3","Single",5744,1,"Yes",11,3,4,"0",6,1,3,4,0,3,"No"
55,"No","Travel_Rarely",4,4,"Life Sciences",4,"Male",3,2,"3","Married",4035,0,"Yes",16,3,2,"0",4,2,3,2,1,2,"No"
43,"No","Travel_Rarely",2,3,"Medical",4,"Male",3,2,"4","Married",7847,1,"Yes",17,3,1,"1",10,3,3,9,8,8,"No"
41,"No","Travel_Rarely",6,3,"Medical",4,"Male",3,1,"1","Single",4721,2,"Yes",13,3,3,"0",20,3,3,13,2,17,"No"
40,"No","Travel_Rarely",1,3,"Life Sciences",3,"Female",3,2,"4","Divorced",6513,4,"No",17,3,4,"1",12,3,3,3,0,3,"No"
31,"No","Travel_Rarely",7,3,"Marketing",4,"Male",3,2,"4","Divorced",7547,4,"No",12,3,4,"3",13,3,3,7,1,7,"No"
38,"No","Travel_Rarely",1,3,"Human Resources",3,"Male",4,1,"3","Married",2844,1,"No",13,3,4,"1",7,2,4,6,5,0,"No"
33,"No","Travel_Rarely",28,4,"Life Sciences",2,"Male",3,2,"3","Married",5207,1,"Yes",12,3,2,"1",15,3,3,14,5,7,"No"
22,"Yes","Travel_Rarely",7,1,"Life Sciences",4,"Male",3,1,"2","Single",2472,1,"Yes",23,4,1,"0",1,2,3,0,0,0,"No"
34,"No","Travel_Rarely",19,2,"Medical",2,"Male",3,1,"4","Divorced",2661,0,"No",11,3,3,"1",3,2,3,2,1,2,"No"
36,"No","Travel_Frequently",11,2,"Technical Degree",2,"Female",3,3,"4","Married",9738,0,"No",14,3,3,"1",10,6,3,7,2,8,"No"
35,"No","Travel_Rarely",8,4,"Life Sciences",1,"Female",3,1,"4","Married",2572,1,"No",16,3,2,"1",3,1,2,2,0,2,"No"
45,"No","Travel_Rarely",1,4,"Medical",4,"Female",3,1,"4","Divorced",2270,3,"No",14,3,4,"2",8,2,3,3,0,2,"No"
36,"No","Non-Travel",24,4,"Life Sciences",2,"Female",3,2,"2","Married",5674,7,"No",15,3,3,"1",11,3,3,8,0,8,"No"
27,"No","Travel_Rarely",9,3,"Medical",4,"Female",3,1,"2","Single",2279,1,"No",16,3,4,"0",7,2,2,7,0,3,"No"
47,"No","Non-Travel",1,1,"Medical",3,"Female",3,3,"2","Married",11957,0,"No",18,3,1,"2",14,3,1,8,5,12,"No"
40,"No","Travel_Rarely",6,2,"Medical",3,"Male",3,4,"4","Single",16437,1,"Yes",21,4,4,"0",21,2,3,7,7,7,"No"
35,"No","Travel_Rarely",11,4,"Medical",4,"Male",3,1,"3","Married",2660,7,"Yes",11,3,3,"1",5,3,3,2,2,2,"No"
34,"No","Travel_Frequently",2,1,"Life Sciences",4,"Male",2,2,"3","Married",9547,1,"No",17,3,3,"0",10,2,2,9,1,9,"No"
34,"Yes","Travel_Frequently",7,3,"Life Sciences",1,"Male",1,2,"3","Single",6074,1,"Yes",24,4,4,"0",9,3,3,7,0,6,"Yes"
31,"Yes","Non-Travel",9,2,"Medical",3,"Male",2,1,"1","Single",2321,0,"Yes",22,4,1,"0",4,0,3,2,1,2,"No"
28,"Yes","Travel_Rarely",2,4,"Medical",1,"Male",1,1,"4","Married",3464,5,"Yes",13,3,4,"0",5,4,2,2,2,2,"No"
32,"No","Travel_Frequently",5,2,"Life Sciences",2,"Male",3,2,"2","Married",6524,1,"No",14,3,4,"1",10,3,3,8,5,3,"No"
35,"No","Travel_Frequently",18,5,"Life Sciences",2,"Male",3,3,"1","Married",9069,1,"No",22,4,4,"1",9,3,2,8,1,8,"No"
55,"No","Travel_Rarely",22,3,"Technical Degree",1,"Male",2,1,"2","Divorced",3537,5,"No",12,3,4,"1",8,1,3,2,1,2,"No"
35,"No","Travel_Rarely",9,4,"Medical",2,"Male",3,2,"3","Single",5098,1,"No",19,3,2,"0",10,5,3,7,0,8,"No"
58,"Yes","Travel_Rarely",2,3,"Technical Degree",4,"Male",3,1,"3","Single",2479,4,"No",24,4,1,"0",7,4,3,0,0,0,"Yes"
24,"No","Non-Travel",4,1,"Life Sciences",1,"Male",2,1,"4","Married",3162,0,"No",17,3,4,"0",6,2,2,2,3,4,"No"
50,"No","Travel_Rarely",9,3,"Life Sciences",1,"Male",3,1,"4","Married",2380,4,"No",18,3,2,"0",8,5,3,0,0,0,"No"
34,"No","Non-Travel",3,4,"Life Sciences",3,"Male",2,1,"4","Married",2979,3,"No",17,3,4,"3",6,2,3,0,0,0,"No"
55,"No","Travel_Frequently",18,4,"Medical",3,"Male",3,2,"2","Married",6385,3,"Yes",14,3,4,"2",17,3,3,7,6,7,"No"
25,"No","Travel_Rarely",8,3,"Life Sciences",4,"Male",4,2,"2","Married",4851,0,"No",22,4,3,"1",4,4,3,2,1,2,"No"
34,"No","Travel_Rarely",1,4,"Life Sciences",2,"Male",3,2,"4","Married",5484,9,"No",17,3,2,"1",9,3,2,2,2,1,"No"
40,"No","Travel_Rarely",6,3,"Life Sciences",2,"Female",3,4,"3","Single",13237,7,"No",15,3,3,"0",22,3,3,6,5,13,"No"
31,"Yes","Travel_Frequently",3,3,"Life Sciences",4,"Female",3,1,"3","Single",4084,1,"No",12,3,1,"0",7,2,1,2,7,7,"No"
51,"No","Travel_Rarely",7,4,"Medical",2,"Male",2,2,"3","Married",6132,2,"No",17,3,3,"0",10,2,3,0,0,0,"No"
60,"No","Travel_Rarely",16,4,"Marketing",1,"Male",3,2,"1","Single",5405,8,"No",14,3,4,"0",10,1,3,2,2,2,"No"
47,"No","Travel_Rarely",4,2,"Life Sciences",4,"Female",3,2,"4","Single",4163,1,"Yes",17,3,3,"0",9,0,3,0,0,7,"No"
34,"No","Travel_Frequently",2,4,"Marketing",3,"Female",3,1,"3","Married",2231,6,"No",18,3,4,"1",6,3,3,3,1,2,"No"
24,"No","Travel_Rarely",1,2,"Life Sciences",2,"Male",2,2,"3","Single",4617,1,"No",12,3,2,"0",4,2,2,3,1,2,"No"
39,"No","Travel_Rarely",21,4,"Life Sciences",1,"Male",2,2,"4","Married",6120,3,"Yes",12,3,4,"2",8,2,4,4,1,4,"No"
19,"No","Travel_Rarely",25,3,"Life Sciences",2,"Female",4,1,"4","Single",2994,1,"Yes",12,3,4,"0",1,2,3,0,0,1,"No"
32,"No","Non-Travel",1,3,"Life Sciences",3,"Female",2,1,"2","Married",2332,6,"No",20,4,3,"0",5,3,3,0,0,2,"No"
34,"No","Travel_Rarely",1,5,"Life Sciences",2,"Male",3,1,"4","Married",2691,1,"No",12,3,4,"1",10,4,2,9,8,8,"No"
30,"No","Travel_Frequently",5,4,"Life Sciences",2,"Male",2,1,"4","Divorced",3761,9,"No",12,3,2,"1",10,3,2,4,0,3,"No"
46,"No","Travel_Rarely",8,4,"Life Sciences",4,"Female",2,2,"1","Divorced",4615,8,"Yes",23,4,1,"3",19,2,3,13,1,7,"No"
39,"No","Travel_Rarely",1,1,"Life Sciences",4,"Female",2,4,"4","Married",12742,1,"No",16,3,3,"1",21,3,3,6,11,8,"No"
27,"No","Travel_Rarely",4,3,"Life Sciences",2,"Female",3,1,"3","Single",2318,1,"No",19,3,3,"0",1,2,3,1,0,0,"No"
44,"No","Travel_Rarely",7,3,"Medical",2,"Female",3,5,"4","Divorced",19049,0,"Yes",14,3,4,"1",23,4,2,7,1,10,"No"
42,"No","Travel_Rarely",18,4,"Life Sciences",4,"Male",3,2,"1","Divorced",5410,6,"Yes",17,3,3,"1",9,3,2,3,1,2,"No"
38,"No","Travel_Frequently",8,3,"Medical",4,"Female",2,2,"2","Divorced",2133,1,"Yes",16,3,3,"1",20,3,3,11,0,7,"No"
42,"No","Travel_Rarely",10,3,"Human Resources",3,"Female",3,4,"1","Married",16799,0,"No",14,3,3,"1",21,5,3,7,0,9,"No"
49,"No","Travel_Rarely",1,3,"Life Sciences",3,"Male",3,4,"3","Single",15379,4,"No",14,3,1,"0",23,2,3,7,0,0,"No"
32,"Yes","Travel_Rarely",4,4,"Medical",4,"Male",1,3,"4","Married",10400,1,"No",11,3,3,"0",14,2,2,8,9,8,"No"
44,"Yes","Travel_Frequently",1,2,"Medical",3,"Male",3,1,"2","Divorced",2342,1,"Yes",12,3,3,"3",6,2,2,3,2,3,"No"
27,"No","Travel_Rarely",1,2,"Life Sciences",3,"Female",3,3,"1","Married",7412,1,"No",11,3,4,"0",9,3,3,7,0,7,"No"
59,"No","Non-Travel",2,4,"Human Resources",3,"Female",2,5,"4","Married",18844,9,"No",21,4,4,"1",30,3,3,2,2,2,"No"
33,"Yes","Travel_Frequently",29,4,"Medical",1,"Female",2,2,"3","Single",4508,1,"No",22,4,2,"0",14,4,3,7,3,8,"Yes"
35,"No","Travel_Frequently",11,2,"Marketing",4,"Male",3,2,"4","Divorced",4968,1,"No",11,3,4,"1",5,3,3,2,0,2,"No"
34,"No","Travel_Frequently",3,1,"Life Sciences",1,"Male",3,2,"4","Single",7756,0,"No",17,3,3,"0",7,1,2,2,0,4,"No"
50,"Yes","Travel_Frequently",1,4,"Other",4,"Male",3,2,"3","Single",4728,3,"Yes",14,3,4,"0",5,4,3,0,0,0,"No"
27,"No","Travel_Rarely",2,4,"Life Sciences",4,"Female",3,1,"1","Divorced",2341,1,"No",13,3,4,"1",1,6,3,0,0,0,"No"
36,"No","Travel_Rarely",5,4,"Life Sciences",2,"Female",2,1,"1","Married",3419,9,"Yes",14,3,4,"1",6,3,4,1,0,0,"No"
28,"No","Travel_Frequently",2,3,"Life Sciences",4,"Male",2,1,"4","Married",3867,1,"Yes",12,3,2,"1",2,2,3,2,2,2,"No"
33,"No","Travel_Rarely",5,3,"Life Sciences",4,"Male",2,3,"4","Divorced",7119,4,"No",15,3,3,"1",9,2,3,2,1,2,"No"
30,"No","Travel_Frequently",3,3,"Medical",3,"Female",3,1,"3","Divorced",2083,1,"No",20,4,3,"1",1,2,3,0,0,0,"No"
30,"No","Travel_Rarely",29,4,"Life Sciences",3,"Male",3,2,"1","Divorced",4115,8,"No",19,3,3,"3",8,3,3,3,0,3,"No"
39,"No","Travel_Rarely",15,4,"Marketing",2,"Male",3,4,"1","Single",13341,0,"No",12,3,1,"0",21,3,3,8,11,10,"No"
34,"No","Travel_Frequently",2,2,"Life Sciences",4,"Male",3,2,"3","Single",4033,2,"No",11,3,4,"0",5,3,2,2,0,2,"No"
26,"No","Travel_Frequently",1,3,"Life Sciences",3,"Female",3,2,"2","Divorced",6397,1,"No",20,4,1,"1",6,6,1,5,1,4,"No"
44,"No","Non-Travel",17,3,"Life Sciences",4,"Male",1,1,"3","Single",2290,2,"No",13,3,4,"0",6,3,3,0,0,0,"No"
56,"No","Travel_Rarely",9,3,"Medical",3,"Male",3,4,"4","Married",11103,7,"No",11,3,3,"0",30,1,2,7,1,1,"No"
42,"No","Travel_Rarely",6,3,"Medical",3,"Male",3,3,"1","Married",13348,9,"No",13,3,2,"1",18,3,4,7,5,7,"No"
31,"No","Travel_Rarely",7,3,"Technical Degree",2,"Male",4,2,"4","Married",6929,4,"No",11,3,2,"1",10,3,2,7,7,7,"No"
40,"No","Travel_Frequently",26,2,"Medical",3,"Female",2,2,"4","Married",4422,3,"Yes",13,3,4,"1",16,3,1,1,0,0,"No"
40,"No","Non-Travel",8,2,"Life Sciences",4,"Male",3,2,"4","Divorced",4069,3,"Yes",18,3,3,"0",8,2,3,2,2,2,"No"
41,"No","Travel_Rarely",4,1,"Marketing",3,"Female",3,3,"3","Divorced",10447,0,"Yes",13,3,4,"1",23,3,4,14,13,5,"No"
34,"No","Travel_Rarely",3,3,"Other",4,"Male",1,2,"1","Single",4759,3,"No",18,3,4,"0",15,2,3,9,3,12,"No"
26,"No","Travel_Rarely",6,3,"Other",3,"Female",2,1,"2","Married",2368,1,"No",19,3,3,"0",5,3,2,4,4,3,"No"
29,"Yes","Travel_Rarely",25,5,"Technical Degree",3,"Female",2,1,"2","Married",2546,5,"No",16,3,2,"0",6,2,4,2,1,1,"No"
32,"No","Travel_Rarely",1,3,"Medical",1,"Male",3,2,"4","Married",6162,1,"Yes",22,4,2,"1",9,3,3,8,7,8,"No"
36,"No","Travel_Rarely",6,3,"Life Sciences",4,"Male",3,1,"4","Married",3210,0,"No",11,3,3,"1",16,4,3,13,10,11,"No"
52,"No","Travel_Rarely",1,4,"Life Sciences",3,"Male",2,5,"3","Married",19999,0,"No",14,3,1,"1",34,5,3,18,11,9,"No"
29,"Yes","Travel_Frequently",24,3,"Technical Degree",3,"Male",4,1,"1","Single",1091,1,"No",17,3,4,"0",1,3,3,0,0,0,"No"
52,"Yes","Travel_Rarely",2,1,"Marketing",1,"Female",1,5,"4","Married",19845,1,"No",15,3,4,"1",33,3,3,14,6,9,"No"
40,"No","Travel_Rarely",2,2,"Medical",1,"Male",3,5,"3","Divorced",19436,0,"No",19,3,4,"1",22,5,3,7,3,9,"No"
55,"No","Travel_Rarely",2,2,"Medical",4,"Female",1,5,"3","Married",19187,4,"No",14,3,4,"1",23,5,3,9,9,11,"No"
56,"No","Travel_Frequently",6,3,"Life Sciences",3,"Female",4,4,"1","Married",13212,9,"No",11,3,4,"3",36,0,2,7,7,7,"No"
34,"No","Travel_Frequently",19,3,"Medical",3,"Female",3,2,"2","Divorced",4444,4,"No",13,3,3,"2",15,2,4,8,5,10,"No"
40,"No","Travel_Rarely",9,2,"Medical",1,"Male",3,2,"1","Married",5473,0,"No",12,3,4,"0",9,5,4,4,7,1,"No"
23,"No","Travel_Rarely",10,3,"Technical Degree",4,"Male",4,1,"3","Married",2073,2,"No",16,3,4,"1",4,2,3,2,2,2,"No"
32,"No","Travel_Rarely",2,4,"Medical",1,"Female",4,2,"4","Single",5055,7,"No",16,3,3,"0",10,0,2,7,0,7,"No"
31,"No","Travel_Frequently",1,1,"Life Sciences",3,"Female",3,2,"1","Married",4148,1,"No",12,3,3,"1",4,1,3,3,0,3,"No"
30,"No","Non-Travel",22,4,"Other",3,"Female",3,3,"1","Married",8412,0,"No",11,3,3,"0",10,3,3,8,7,8,"No"
45,"No","Travel_Frequently",7,3,"Life Sciences",1,"Male",3,3,"1","Divorced",5210,1,"No",18,3,1,"1",24,2,3,9,9,11,"No"
37,"No","Travel_Rarely",10,3,"Medical",2,"Female",3,1,"2","Married",3936,1,"No",11,3,1,"1",8,2,1,4,7,7,"No"
20,"No","Travel_Rarely",9,1,"Life Sciences",4,"Male",3,1,"1","Single",2728,1,"No",11,3,1,"0",2,3,3,2,0,2,"No"
50,"No","Travel_Frequently",22,5,"Medical",3,"Male",1,4,"4","Single",14411,1,"Yes",13,3,4,"0",32,2,3,6,13,9,"No"
36,"Yes","Travel_Rarely",16,4,"Life Sciences",3,"Female",4,1,"1","Single",2743,1,"No",16,3,3,"0",18,1,3,13,15,14,"No"
42,"No","Travel_Rarely",12,4,"Marketing",2,"Male",3,2,"4","Divorced",5087,3,"Yes",12,3,3,"2",14,4,3,0,0,0,"No"
29,"No","Travel_Rarely",15,1,"Life Sciences",2,"Female",1,1,"4","Married",2168,0,"Yes",18,3,1,"1",6,2,2,4,1,3,"No"
30,"Yes","Travel_Rarely",22,3,"Life Sciences",1,"Female",3,1,"3","Married",2132,4,"Yes",11,3,2,"0",7,2,3,2,0,1,"Yes"
47,"No","Travel_Rarely",5,5,"Life Sciences",4,"Male",3,5,"3","Married",18300,4,"No",11,3,2,"1",21,2,3,2,1,1,"No"
26,"No","Travel_Rarely",25,1,"Life Sciences",3,"Female",3,1,"3","Married",2942,1,"No",23,4,4,"1",8,3,3,7,5,7,"No"
48,"No","Travel_Rarely",7,3,"Marketing",3,"Male",3,2,"1","Divorced",5486,4,"No",11,3,1,"3",15,3,3,2,2,2,"No"
23,"No","Travel_Rarely",2,1,"Technical Degree",3,"Male",3,1,"1","Divorced",2322,3,"No",13,3,3,"1",3,3,3,0,0,0,"No"
51,"Yes","Travel_Rarely",4,4,"Life Sciences",1,"Male",3,1,"3","Married",2461,9,"Yes",12,3,3,"3",18,2,4,0,2,7,"Yes"
38,"No","Travel_Rarely",1,3,"Technical Degree",4,"Female",3,3,"1","Married",13582,1,"No",13,3,2,"1",15,3,3,12,5,11,"No"
35,"No","Travel_Frequently",1,3,"Marketing",3,"Female",3,3,"3","Single",8789,1,"No",14,3,1,"0",10,3,4,7,0,8,"No"
29,"No","Travel_Rarely",19,3,"Technical Degree",4,"Male",3,2,"4","Divorced",4262,4,"No",12,3,2,"2",8,2,4,2,1,2,"No"
36,"No","Travel_Rarely",2,4,"Life Sciences",3,"Female",3,2,"4","Single",4502,3,"No",15,3,3,"0",17,2,2,7,6,7,"No"
21,"Yes","Travel_Frequently",1,1,"Technical Degree",1,"Female",2,1,"2","Single",2174,1,"Yes",11,3,3,"0",3,3,3,2,1,2,"Yes"
34,"No","Travel_Rarely",8,2,"Life Sciences",3,"Female",3,2,"1","Married",6500,5,"No",17,3,2,"1",6,1,3,2,1,2,"No"
26,"No","Travel_Rarely",23,3,"Marketing",3,"Female",2,2,"4","Married",4157,7,"Yes",19,3,3,"1",5,2,2,2,0,0,"No"
31,"No","Non-Travel",3,2,"Medical",3,"Male",3,1,"1","Divorced",3065,1,"Yes",13,3,4,"1",4,3,4,2,2,3,"No"
60,"No","Travel_Frequently",28,3,"Marketing",3,"Female",2,3,"1","Married",10266,4,"No",19,3,4,"0",22,5,4,13,13,11,"No"
42,"No","Travel_Frequently",2,1,"Medical",2,"Male",3,1,"4","Single",2515,5,"Yes",14,3,4,"0",8,2,3,1,2,2,"No"
31,"No","Travel_Rarely",2,4,"Life Sciences",3,"Male",3,1,"4","Divorced",2695,0,"Yes",18,3,2,"1",3,2,1,2,2,2,"No"
46,"No","Travel_Rarely",2,3,"Life Sciences",1,"Male",3,4,"3","Married",17861,6,"No",13,3,3,"0",26,2,1,2,0,1,"No"
34,"Yes","Travel_Rarely",9,4,"Technical Degree",1,"Female",3,1,"3","Married",2742,1,"No",15,3,4,"0",2,0,3,2,2,2,"No"
56,"No","Non-Travel",1,4,"Life Sciences",3,"Male",3,2,"3","Divorced",6306,1,"No",21,4,1,"1",13,2,2,12,1,9,"No"
44,"No","Travel_Frequently",2,1,"Medical",2,"Male",3,3,"3","Single",10209,5,"Yes",18,3,2,"0",16,2,2,2,2,2,"No"
30,"No","Travel_Rarely",2,3,"Life Sciences",3,"Female",1,2,"4","Single",6091,2,"No",20,4,3,"0",11,2,3,4,0,2,"No"
42,"No","Non-Travel",21,2,"Medical",3,"Female",3,2,"3","Divorced",5265,2,"No",16,3,2,"1",11,5,3,3,0,2,"No"
47,"No","Travel_Rarely",9,4,"Life Sciences",2,"Female",3,1,"3","Single",2105,4,"No",12,3,3,"0",7,2,3,2,2,0,"No"
36,"No","Travel_Rarely",5,4,"Life Sciences",2,"Female",3,3,"1","Married",8008,4,"No",12,3,3,"2",9,6,3,2,0,2,"No"
35,"No","Travel_Rarely",27,1,"Medical",3,"Female",2,1,"1","Single",2559,1,"No",11,3,4,"0",6,3,2,5,1,1,"No"
43,"No","Travel_Rarely",6,4,"Other",2,"Male",2,4,"4","Divorced",16627,4,"Yes",14,3,3,"1",21,3,2,0,0,0,"No"
31,"No","Travel_Rarely",29,4,"Marketing",1,"Female",2,2,"4","Married",5468,1,"No",14,3,1,"2",13,3,3,7,5,7,"No"
36,"No","Travel_Rarely",6,4,"Life Sciences",3,"Male",1,1,"3","Divorced",2741,1,"No",14,3,3,"1",7,4,3,7,1,7,"No"
53,"No","Travel_Rarely",2,4,"Life Sciences",1,"Female",2,4,"4","Married",15427,2,"No",16,3,3,"0",31,3,3,8,3,7,"No"
43,"No","Travel_Rarely",14,2,"Life Sciences",2,"Male",3,4,"1","Married",17159,6,"No",24,4,3,"1",22,3,3,1,1,0,"No"
36,"No","Travel_Rarely",8,3,"Life Sciences",1,"Male",2,1,"1","Married",2342,0,"No",21,4,3,"0",6,3,3,4,0,3,"No"
41,"No","Travel_Rarely",6,3,"Marketing",4,"Male",3,3,"3","Single",9241,1,"No",12,3,2,"0",10,3,3,8,8,7,"No"
37,"No","Travel_Rarely",19,2,"Life Sciences",2,"Male",3,1,"2","Married",3022,4,"No",21,4,1,"0",8,1,3,0,0,0,"No"
32,"No","Travel_Frequently",10,4,"Marketing",4,"Male",3,2,"4","Single",4648,8,"No",13,3,3,"0",4,2,4,0,0,0,"No"
34,"Yes","Travel_Frequently",6,2,"Marketing",4,"Female",1,1,"3","Divorced",2351,0,"No",16,3,4,"1",3,3,2,2,1,0,"No"
35,"No","Non-Travel",2,2,"Medical",2,"Male",3,2,"4","Divorced",5762,2,"No",14,3,3,"1",15,6,3,7,1,7,"No"
30,"No","Non-Travel",2,3,"Medical",3,"Female",3,1,"4","Single",2564,0,"No",14,3,3,"0",12,2,2,7,6,7,"No"
36,"No","Travel_Frequently",18,4,"Life Sciences",3,"Male",4,1,"4","Married",3688,4,"No",18,3,4,"2",4,2,3,0,0,0,"No"
37,"No","Travel_Rarely",1,3,"Life Sciences",4,"Female",2,2,"4","Married",6474,1,"No",13,3,2,"1",14,2,2,8,3,11,"No"
29,"No","Travel_Rarely",3,4,"Medical",2,"Male",2,3,"3","Married",11935,1,"No",18,3,3,"0",10,2,3,2,0,7,"No"
34,"No","Travel_Rarely",1,2,"Medical",1,"Male",3,2,"2","Married",4325,1,"No",15,3,3,"0",5,2,3,2,1,3,"No"
37,"No","Non-Travel",25,5,"Medical",2,"Female",3,2,"3","Married",4449,3,"Yes",15,3,1,"2",15,2,3,11,10,7,"No"
31,"Yes","Travel_Rarely",6,4,"Life Sciences",2,"Male",1,2,"3","Married",6172,4,"Yes",18,3,2,"0",12,3,2,7,7,7,"No"
18,"No","Non-Travel",1,3,"Life Sciences",4,"Female",3,1,"4","Single",1611,1,"No",15,3,3,"0",0,5,4,0,0,0,"No"
28,"No","Travel_Rarely",26,3,"Life Sciences",3,"Male",2,2,"1","Married",4724,1,"No",11,3,3,"1",5,0,3,3,0,4,"No"
43,"No","Travel_Rarely",25,3,"Medical",3,"Male",2,3,"4","Divorced",10798,5,"No",13,3,3,"1",18,5,3,0,0,0,"No"
30,"No","Non-Travel",7,3,"Technical Degree",3,"Male",3,1,"3","Divorced",1274,1,"No",13,3,2,"2",1,2,2,0,0,0,"No"
21,"No","Travel_Rarely",3,2,"Medical",4,"Male",2,1,"3","Single",3230,1,"No",17,3,1,"0",3,4,4,2,1,0,"No"
32,"Yes","Travel_Rarely",1,3,"Life Sciences",4,"Male",2,1,"3","Single",3730,0,"Yes",14,3,4,"0",4,2,1,2,1,2,"No"
34,"No","Travel_Rarely",2,4,"Life Sciences",4,"Male",2,2,"1","Married",5957,6,"No",13,3,2,"1",13,3,3,9,5,9,"No"
27,"No","Travel_Rarely",2,3,"Life Sciences",4,"Male",3,2,"3","Single",4478,1,"Yes",11,3,1,"0",5,3,3,4,0,4,"No"
40,"No","Non-Travel",16,2,"Life Sciences",3,"Male",3,1,"3","Divorced",3544,9,"No",16,3,2,"1",6,0,3,2,0,0,"No"
49,"Yes","Travel_Frequently",28,2,"Life Sciences",1,"Male",2,2,"1","Single",4284,3,"No",20,4,1,"0",20,2,3,3,1,3,"Yes"
29,"No","Travel_Rarely",4,3,"Technical Degree",4,"Female",2,1,"1","Divorced",2109,1,"No",13,3,3,"1",1,2,3,0,0,0,"No"
40,"No","Travel_Rarely",10,4,"Marketing",1,"Male",2,3,"2","Divorced",9705,2,"No",12,3,2,"1",11,2,2,0,0,0,"No"
27,"No","Travel_Rarely",8,4,"Marketing",2,"Female",3,2,"2","Married",6214,1,"No",18,3,1,"1",8,3,3,7,0,7,"No"
28,"Yes","Travel_Rarely",2,4,"Medical",3,"Male",3,1,"3","Single",4382,6,"No",17,3,4,"0",5,3,2,2,2,1,"No"
26,"No","Travel_Rarely",1,3,"Medical",3,"Male",3,1,"1","Single",2867,0,"No",13,3,4,"0",8,6,2,7,7,6,"No"
50,"Yes","Travel_Rarely",3,2,"Marketing",1,"Male",2,1,"3","Married",2683,1,"Yes",14,3,3,"0",3,2,3,2,0,2,"No"
38,"No","Travel_Rarely",1,4,"Life Sciences",2,"Female",4,2,"4","Single",7625,0,"No",13,3,3,"0",10,4,2,7,1,8,"No"
32,"No","Travel_Frequently",2,2,"Life Sciences",4,"Female",3,2,"3","Single",4998,4,"Yes",14,3,4,"0",10,2,3,7,0,7,"No"
29,"No","Travel_Rarely",9,4,"Medical",4,"Female",3,1,"3","Married",2974,9,"No",17,3,3,"1",9,2,3,3,1,2,"No"
28,"Yes","Travel_Rarely",2,4,"Life Sciences",1,"Male",3,1,"3","Single",3485,2,"No",11,3,3,"0",5,5,1,0,0,0,"No"
44,"No","Travel_Rarely",1,3,"Life Sciences",3,"Female",3,1,"4","Divorced",3195,4,"Yes",18,3,1,"3",8,2,3,2,2,2,"No"
46,"No","Travel_Rarely",2,4,"Medical",3,"Male",3,5,"4","Divorced",19328,7,"Yes",17,3,3,"1",24,3,3,1,2,2,"No"
47,"No","Travel_Rarely",1,3,"Technical Degree",1,"Male",3,1,"4","Married",3420,7,"No",12,3,3,"1",17,2,2,5,1,2,"No"
38,"No","Travel_Frequently",1,3,"Life Sciences",4,"Male",3,2,"4","Married",4735,7,"No",15,3,4,"2",19,4,4,11,2,9,"No"
42,"No","Travel_Rarely",13,3,"Medical",2,"Male",4,2,"1","Married",5538,5,"No",18,3,3,"2",10,2,2,0,0,0,"No"
38,"No","Travel_Frequently",29,5,"Life Sciences",4,"Female",3,2,"4","Single",2406,1,"No",11,3,4,"0",10,2,3,3,9,9,"No"
45,"No","Non-Travel",26,3,"Marketing",1,"Male",2,2,"1","Married",4385,1,"No",15,3,1,"1",10,2,3,7,4,5,"No"
33,"No","Travel_Rarely",15,2,"Medical",2,"Female",3,2,"4","Married",4878,0,"Yes",13,3,1,"1",10,6,3,7,8,1,"No"
44,"No","Travel_Rarely",20,3,"Life Sciences",4,"Male",3,1,"2","Single",3420,1,"No",13,3,3,"0",6,3,2,2,1,3,"No"
35,"Yes","Travel_Rarely",27,3,"Life Sciences",3,"Male",3,2,"4","Single",5813,1,"Yes",18,3,4,"0",10,2,3,7,7,7,"No"
33,"No","Travel_Rarely",10,4,"Marketing",2,"Male",3,2,"3","Single",5487,1,"No",14,3,2,"0",10,2,2,4,0,9,"No"
48,"No","Travel_Rarely",1,4,"Life Sciences",4,"Female",2,4,"1","Married",15402,7,"No",11,3,1,"1",21,3,1,2,0,2,"No"
40,"No","Travel_Rarely",7,4,"Medical",2,"Male",3,5,"2","Single",19833,1,"No",14,3,2,"0",21,3,2,8,12,8,"No"
31,"No","Travel_Rarely",5,4,"Life Sciences",1,"Female",3,2,"4","Married",5476,1,"No",11,3,1,"2",10,2,3,0,0,2,"No"
51,"No","Travel_Rarely",21,4,"Marketing",3,"Male",3,2,"4","Single",5441,0,"Yes",22,4,4,"0",11,2,1,7,1,0,"No"
56,"No","Travel_Rarely",1,2,"Life Sciences",1,"Female",3,1,"1","Married",2066,2,"No",22,4,4,"1",5,3,4,2,1,0,"No"
36,"No","Travel_Rarely",4,4,"Life Sciences",1,"Male",2,2,"4","Single",5810,1,"No",16,3,3,"0",10,2,2,4,1,8,"No"
42,"No","Travel_Frequently",5,2,"Other",2,"Male",3,1,"3","Married",2093,4,"No",17,3,4,"1",8,4,3,2,2,0,"No"
36,"No","Travel_Rarely",7,3,"Life Sciences",1,"Male",3,1,"2","Single",2013,2,"No",11,3,3,"0",15,4,3,3,1,3,"No"
50,"No","Travel_Frequently",12,3,"Marketing",3,"Female",3,3,"4","Single",9208,4,"No",11,3,4,"0",16,3,3,2,2,1,"No"
31,"No","Travel_Frequently",24,1,"Technical Degree",4,"Female",3,2,"4","Single",5238,2,"No",20,4,4,"0",9,3,2,4,1,4,"No"
43,"Yes","Travel_Frequently",17,3,"Technical Degree",3,"Male",2,1,"3","Married",2437,9,"Yes",16,3,4,"1",6,4,3,0,0,0,"No"
38,"No","Travel_Rarely",2,3,"Life Sciences",4,"Male",3,1,"4","Single",3944,5,"Yes",11,3,3,"0",6,3,3,2,1,2,"No"
36,"No","Travel_Rarely",2,4,"Life Sciences",3,"Male",3,1,"4","Single",2644,3,"Yes",21,4,4,"0",7,3,2,2,1,2,"No"
36,"No","Travel_Rarely",6,3,"Life Sciences",2,"Female",4,1,"4","Married",3038,3,"No",12,3,2,"0",5,3,3,0,0,0,"No"
26,"Yes","Non-Travel",29,2,"Medical",2,"Male",1,2,"1","Single",4969,8,"No",18,3,4,"0",7,6,3,2,2,2,"No"
53,"No","Travel_Rarely",13,2,"Medical",4,"Female",4,2,"1","Divorced",4450,1,"No",11,3,3,"2",5,3,3,2,1,3,"No"
27,"No","Travel_Rarely",2,4,"Technical Degree",2,"Male",3,1,"2","Married",2226,1,"No",11,3,3,"1",6,3,2,3,1,2,"No"
29,"Yes","Travel_Frequently",24,2,"Life Sciences",4,"Male",2,1,"4","Single",2439,1,"Yes",24,4,2,"0",1,3,2,0,1,0,"No"
45,"No","Travel_Rarely",6,4,"Other",4,"Male",3,3,"1","Married",13245,4,"Yes",14,3,2,"0",17,3,4,0,0,0,"No"
45,"No","Travel_Rarely",29,3,"Medical",3,"Male",3,1,"4","Single",3452,5,"No",13,3,2,"0",9,2,2,5,0,3,"No"
28,"No","Travel_Rarely",15,2,"Life Sciences",1,"Male",3,1,"3","Divorced",2207,1,"No",16,3,4,"1",4,5,2,2,2,2,"No"
46,"No","Travel_Frequently",5,4,"Marketing",1,"Male",3,2,"4","Single",5772,4,"Yes",21,4,3,"0",14,4,3,6,0,8,"No"
37,"No","Travel_Rarely",16,4,"Marketing",4,"Male",2,2,"3","Divorced",6334,4,"No",19,3,4,"2",9,2,3,0,0,0,"No"
26,"No","Travel_Rarely",29,2,"Medical",1,"Male",3,2,"3","Divorced",4306,5,"No",12,3,1,"2",8,5,3,0,0,0,"No"
52,"No","Travel_Rarely",8,4,"Other",3,"Female",3,1,"1","Married",2950,9,"No",13,3,3,"0",12,2,1,4,0,4,"No"
37,"No","Travel_Rarely",10,3,"Life Sciences",3,"Female",4,3,"4","Married",13744,1,"Yes",25,4,1,"1",16,2,3,11,6,8,"No"
29,"No","Travel_Rarely",1,3,"Life Sciences",1,"Male",3,2,"1","Married",5373,0,"No",12,3,1,"1",6,5,2,3,0,2,"No"
31,"No","Travel_Rarely",11,4,"Life Sciences",4,"Male",3,1,"4","Married",2356,3,"Yes",19,3,2,"1",8,2,3,4,0,2,"No"
34,"No","Travel_Frequently",22,4,"Other",3,"Male",2,2,"4","Married",5747,1,"Yes",15,3,2,"0",16,3,3,10,6,11,"No"
56,"No","Travel_Rarely",8,3,"Life Sciences",3,"Female",3,1,"1","Divorced",4257,4,"Yes",18,3,3,"1",19,3,3,2,2,2,"No"
58,"Yes","Travel_Rarely",23,4,"Medical",4,"Female",3,3,"4","Married",10312,1,"No",12,3,4,"1",40,3,2,10,15,6,"No"
41,"Yes","Travel_Rarely",1,2,"Life Sciences",2,"Female",3,2,"4","Single",5993,8,"Yes",11,3,1,"0",8,0,1,4,0,5,"No"
30,"Yes","Travel_Rarely",9,3,"Medical",2,"Male",3,1,"4","Single",1081,1,"No",13,3,3,"0",1,3,2,0,0,0,"No"
31,"No","Travel_Rarely",26,1,"Life Sciences",1,"Male",3,1,"3","Divorced",2911,1,"No",17,3,4,"1",5,1,2,2,4,3,"No"
48,"Yes","Travel_Rarely",1,2,"Life Sciences",1,"Male",2,3,"3","Single",5381,9,"Yes",13,3,4,"0",23,2,3,0,0,0,"No"
34,"No","Travel_Rarely",8,2,"Medical",2,"Female",3,2,"3","Single",6142,3,"No",11,3,4,"0",10,2,3,1,4,3,"No"
49,"No","Travel_Frequently",10,4,"Life Sciences",3,"Female",3,5,"1","Single",18665,9,"Yes",11,3,4,"0",22,4,3,2,1,2,"No"
50,"No","Travel_Rarely",28,3,"Life Sciences",4,"Female",3,4,"1","Married",16880,4,"Yes",11,3,2,"0",25,2,3,2,1,2,"No"
29,"No","Travel_Rarely",10,3,"Medical",3,"Male",2,2,"3","Single",5869,9,"No",11,3,3,"0",8,2,3,2,1,4,"No"
35,"No","Travel_Rarely",16,3,"Life Sciences",4,"Female",2,3,"2","Single",8606,1,"No",19,3,4,"0",11,3,1,8,3,3,"No"
36,"No","Travel_Rarely",10,4,"Technical Degree",2,"Female",2,2,"3","Married",5673,1,"Yes",13,3,1,"1",10,4,3,9,1,7,"No"
51,"No","Travel_Rarely",26,4,"Marketing",1,"Female",3,4,"3","Married",16307,2,"No",14,3,3,"1",29,2,2,6,4,17,"No"
45,"No","Travel_Rarely",10,2,"Life Sciences",1,"Male",3,1,"4","Married",2654,3,"No",21,4,4,"2",8,3,2,2,0,2,"No"
37,"No","Travel_Frequently",9,3,"Medical",2,"Male",3,1,"4","Married",2326,1,"Yes",12,3,3,"3",4,3,2,2,1,2,"No"
36,"No","Travel_Rarely",27,3,"Medical",3,"Male",3,2,"3","Married",5237,6,"No",13,3,2,"2",17,3,2,7,7,7,"No"
39,"No","Non-Travel",21,4,"Life Sciences",1,"Female",1,2,"3","Married",5736,6,"No",19,3,3,"1",10,1,3,2,1,2,"No"
58,"Yes","Travel_Rarely",7,4,"Medical",3,"Female",2,3,"1","Married",10008,7,"Yes",14,3,4,"0",31,0,2,9,5,9,"No"
28,"Yes","Travel_Rarely",24,3,"Life Sciences",3,"Male",2,1,"3","Single",2028,5,"Yes",14,3,2,"0",6,4,3,2,0,3,"No"
48,"Yes","Travel_Frequently",7,2,"Medical",4,"Female",3,1,"3","Married",2655,2,"Yes",11,3,3,"2",19,3,3,7,7,7,"No"
29,"No","Travel_Rarely",21,4,"Life Sciences",2,"Female",4,3,"1","Divorced",9980,1,"No",11,3,3,"1",10,1,3,9,8,8,"No"
47,"No","Travel_Rarely",2,4,"Medical",1,"Female",3,4,"3","Married",17169,3,"No",19,3,2,"2",26,2,4,17,5,6,"No"
32,"No","Travel_Rarely",5,2,"Life Sciences",4,"Female",2,2,"2","Married",5878,3,"No",12,3,1,"1",12,2,3,1,2,5,"No"
33,"Yes","Travel_Rarely",5,3,"Marketing",4,"Female",3,1,"3","Single",2851,1,"Yes",13,3,2,"0",1,2,3,0,0,0,"Yes"
51,"No","Travel_Frequently",2,3,"Marketing",2,"Male",3,3,"2","Married",10596,2,"No",11,3,2,"0",14,5,3,2,3,2,"No"
37,"No","Travel_Frequently",4,4,"Marketing",1,"Male",3,1,"4","Divorced",2793,4,"No",17,3,3,"1",13,2,3,8,5,8,"No"
41,"Yes","Travel_Rarely",12,3,"Technical Degree",2,"Female",3,5,"3","Married",19545,1,"No",12,3,4,"0",23,0,3,15,15,8,"No"
38,"No","Travel_Rarely",10,2,"Life Sciences",1,"Female",3,2,"4","Married",5343,1,"No",11,3,3,"1",10,1,3,7,1,9,"No"
39,"No","Non-Travel",25,2,"Life Sciences",3,"Male",3,3,"3","Married",10920,3,"No",21,4,2,"1",13,2,3,4,0,5,"No"
32,"No","Travel_Frequently",10,3,"Life Sciences",1,"Male",3,1,"3","Married",3433,6,"No",13,3,1,"1",10,3,2,2,1,3,"No"
33,"No","Travel_Frequently",1,2,"Life Sciences",1,"Female",3,3,"4","Single",13458,1,"Yes",12,3,3,"0",15,1,3,14,8,12,"No"
21,"No","Non-Travel",9,2,"Medical",1,"Male",3,1,"4","Single",2610,1,"No",24,4,3,"0",3,3,2,2,2,2,"No"
51,"No","Travel_Rarely",2,3,"Medical",4,"Male",1,2,"2","Divorced",5482,5,"No",18,3,4,"1",13,3,3,1,1,2,"No"
25,"Yes","Travel_Rarely",19,2,"Marketing",3,"Male",2,1,"2","Married",2413,1,"Yes",18,3,3,"3",1,2,3,0,0,0,"Yes"
42,"No","Travel_Rarely",12,3,"Medical",2,"Male",3,1,"2","Divorced",2766,8,"No",22,4,2,"3",7,6,2,3,0,4,"No"
30,"No","Travel_Rarely",6,3,"Technical Degree",1,"Female",2,2,"4","Married",4627,0,"No",12,3,1,"1",10,6,3,2,6,7,"No"
56,"Yes","Travel_Rarely",24,2,"Life Sciences",1,"Male",3,1,"4","Single",2587,1,"No",16,3,4,"0",5,3,3,2,1,0,"No"
34,"No","Travel_Frequently",16,4,"Life Sciences",3,"Female",2,1,"4","Single",2553,1,"No",16,3,3,"0",6,3,3,2,1,3,"No"
28,"Yes","Travel_Rarely",24,3,"Medical",3,"Male",3,1,"2","Married",2408,1,"Yes",17,3,3,"3",1,3,3,1,0,0,"Yes"
45,"No","Travel_Rarely",7,3,"Life Sciences",2,"Male",3,3,"1","Divorced",9724,2,"No",17,3,3,"1",25,2,3,0,0,0,"No"
49,"No","Travel_Rarely",18,4,"Life Sciences",4,"Male",2,5,"3","Divorced",19502,1,"Yes",17,3,3,"1",31,5,3,9,0,9,"No"
59,"No","Travel_Rarely",3,3,"Life Sciences",3,"Male",2,1,"4","Married",2177,3,"No",17,3,1,"1",7,6,3,0,0,0,"No"
53,"No","Travel_Frequently",2,3,"Marketing",3,"Female",2,3,"2","Married",7525,2,"No",12,3,1,"1",30,2,3,7,6,12,"No"
45,"No","Travel_Rarely",4,2,"Life Sciences",3,"Female",3,2,"1","Divorced",5006,4,"Yes",11,3,1,"1",9,3,4,4,0,3,"No"
31,"No","Travel_Rarely",11,2,"Medical",3,"Male",3,2,"1","Married",6833,1,"Yes",12,3,4,"0",6,2,2,5,0,1,"Yes"
35,"No","Travel_Rarely",1,3,"Medical",2,"Male",2,1,"3","Single",2859,1,"No",18,3,1,"0",6,3,3,4,0,4,"No"
56,"Yes","Travel_Rarely",14,4,"Life Sciences",2,"Female",3,1,"2","Married",4963,9,"Yes",18,3,1,"3",7,2,3,4,4,3,"No"
38,"No","Travel_Rarely",17,1,"Life Sciences",3,"Female",2,3,"3","Married",8823,0,"No",18,3,1,"1",20,4,2,9,1,9,"No"
36,"No","Travel_Rarely",1,4,"Life Sciences",2,"Female",3,2,"3","Single",6815,6,"No",13,3,1,"0",15,5,3,0,0,0,"No"
29,"No","Travel_Rarely",23,2,"Life Sciences",3,"Male",4,1,"3","Married",2700,1,"No",24,4,3,"1",10,3,3,7,0,7,"No"
32,"No","Non-Travel",15,4,"Medical",3,"Female",3,2,"4","Divorced",6667,5,"No",18,3,2,"1",9,6,3,1,1,2,"No"
29,"Yes","Travel_Rarely",8,4,"Other",2,"Male",1,1,"1","Married",2119,1,"Yes",11,3,4,"0",7,4,2,7,0,7,"No"
43,"No","Non-Travel",7,3,"Medical",4,"Male",4,1,"4","Divorced",2089,4,"No",14,3,4,"3",7,3,4,4,2,2,"No"
38,"No","Travel_Rarely",2,2,"Marketing",4,"Male",3,3,"2","Single",7351,7,"No",16,3,3,"0",10,2,3,0,0,0,"No"
42,"No","Travel_Rarely",2,1,"Technical Degree",3,"Male",3,1,"3","Divorced",2696,0,"Yes",11,3,3,"1",4,5,3,2,1,0,"No"
24,"Yes","Travel_Rarely",1,1,"Technical Degree",1,"Female",3,1,"2","Single",3202,1,"Yes",16,3,2,"0",6,4,3,3,1,4,"Yes"
42,"No","Travel_Rarely",4,4,"Marketing",2,"Male",3,2,"1","Single",5155,7,"No",13,3,4,"0",9,3,4,4,1,5,"No"
30,"No","Travel_Rarely",7,4,"Life Sciences",3,"Male",3,2,"3","Divorced",3491,1,"No",13,3,1,"3",10,4,2,7,8,9,"No"
33,"No","Travel_Rarely",8,4,"Life Sciences",4,"Male",4,1,"1","Married",3143,6,"No",19,3,2,"1",14,1,3,8,7,6,"No"
27,"No","Non-Travel",3,3,"Medical",3,"Male",2,1,"3","Divorced",2566,1,"Yes",15,3,4,"1",1,2,2,1,0,1,"No"
38,"No","Travel_Rarely",2,4,"Life Sciences",4,"Male",3,2,"3","Married",6553,9,"No",14,3,2,"0",14,3,3,0,0,0,"No"
34,"No","Travel_Rarely",2,4,"Medical",3,"Female",2,1,"1","Single",4381,1,"No",11,3,3,"0",6,3,3,5,1,3,"No"
34,"No","Travel_Rarely",19,3,"Life Sciences",2,"Female",2,1,"4","Married",2929,1,"No",12,3,2,"0",10,3,3,9,8,7,"No"
49,"No","Travel_Rarely",8,2,"Other",1,"Female",3,3,"2","Married",7403,4,"No",11,3,3,"1",29,3,2,9,1,7,"No"
40,"No","Travel_Frequently",16,4,"Medical",1,"Male",2,2,"3","Single",5094,6,"No",14,3,4,"0",10,6,3,0,0,0,"No"
38,"No","Travel_Rarely",25,2,"Life Sciences",1,"Female",2,3,"2","Married",12061,3,"No",17,3,3,"1",19,2,3,8,0,1,"No"
45,"No","Travel_Rarely",24,4,"Medical",2,"Male",3,1,"2","Single",2177,1,"No",16,3,1,"0",6,3,3,3,0,4,"No"
41,"No","Travel_Rarely",1,3,"Human Resources",4,"Male",2,5,"3","Married",19189,1,"No",12,3,2,"1",22,3,3,7,2,10,"No"
28,"No","Travel_Rarely",8,2,"Medical",2,"Male",2,1,"4","Divorced",4936,1,"No",13,3,4,"1",6,6,3,1,0,4,"No"
36,"No","Travel_Frequently",2,1,"Human Resources",2,"Male",2,2,"4","Single",3886,1,"No",21,4,4,"0",10,2,2,1,0,8,"No"
48,"No","Travel_Rarely",20,4,"Medical",4,"Male",3,1,"3","Married",2259,4,"No",17,3,1,"2",13,2,2,0,0,0,"No"
40,"No","Non-Travel",9,5,"Life Sciences",4,"Male",2,2,"4","Married",4876,9,"No",14,3,4,"1",5,5,1,2,0,2,"No"
37,"No","Travel_Rarely",2,3,"Marketing",4,"Male",3,2,"3","Married",9602,4,"Yes",11,3,3,"1",17,3,2,0,1,0,"No"
54,"No","Travel_Rarely",8,4,"Life Sciences",3,"Female",3,2,"3","Single",3780,7,"No",11,3,3,"0",19,3,3,0,0,0,"No"
34,"No","Travel_Rarely",1,2,"Life Sciences",2,"Male",2,1,"4","Married",3622,1,"Yes",13,3,4,"1",6,3,3,5,1,3,"No"
42,"No","Travel_Rarely",29,3,"Life Sciences",2,"Male",3,2,"2","Married",4434,1,"No",13,3,4,"1",10,3,2,8,7,8,"No"
26,"No","Travel_Rarely",1,3,"Life Sciences",3,"Male",3,2,"3","Married",5296,1,"No",17,3,2,"1",8,3,3,7,7,7,"No"
36,"No","Travel_Frequently",3,2,"Medical",4,"Male",3,1,"2","Single",2088,4,"No",12,3,3,"0",13,3,2,7,7,2,"No"
58,"No","Travel_Frequently",15,4,"Life Sciences",1,"Male",3,4,"3","Married",15787,2,"Yes",14,3,2,"0",23,3,3,2,2,2,"No"
27,"No","Travel_Rarely",16,4,"Technical Degree",3,"Female",3,1,"2","Married",2811,9,"No",14,3,2,"1",4,2,3,2,2,2,"No"
31,"No","Non-Travel",10,3,"Medical",3,"Female",3,3,"3","Married",11031,4,"No",20,4,3,"1",13,2,4,7,4,8,"No"
30,"No","Travel_Rarely",1,3,"Life Sciences",4,"Male",1,1,"3","Married",3833,3,"No",21,4,3,"2",7,2,3,2,0,2,"No"
44,"No","Travel_Rarely",1,3,"Medical",2,"Male",3,1,"4","Single",2436,6,"Yes",12,3,3,"0",6,2,3,3,1,2,"No"
32,"No","Travel_Rarely",2,1,"Technical Degree",4,"Male",2,2,"1","Single",2176,4,"No",13,3,4,"0",9,5,3,2,0,4,"No"
30,"Yes","Travel_Rarely",1,3,"Life Sciences",2,"Male",2,2,"1","Married",9714,1,"No",11,3,4,"1",10,4,3,8,6,7,"No"
42,"No","Travel_Rarely",14,2,"Medical",3,"Female",2,2,"3","Single",6244,7,"No",17,3,1,"0",10,6,3,4,0,3,"No"
50,"No","Travel_Rarely",24,3,"Life Sciences",4,"Male",3,4,"3","Married",13973,3,"Yes",18,3,4,"1",22,2,3,11,1,5,"No"
41,"No","Travel_Rarely",8,3,"Marketing",3,"Female",3,2,"2","Married",4393,5,"No",21,4,3,"1",14,3,3,4,1,4,"No"
21,"Yes","Travel_Rarely",18,1,"Other",4,"Female",3,1,"4","Single",2693,1,"No",19,3,1,"0",1,3,2,0,0,0,"No"
28,"No","Travel_Frequently",1,2,"Life Sciences",3,"Male",2,2,"4","Married",6834,1,"Yes",12,3,3,"1",7,2,3,7,0,7,"No"
34,"No","Travel_Rarely",8,2,"Technical Degree",2,"Male",4,2,"3","Married",6799,1,"No",21,4,3,"2",10,5,3,8,4,8,"No"
26,"No","Travel_Rarely",28,2,"Marketing",1,"Male",3,2,"2","Married",6272,1,"No",20,4,4,"2",6,5,4,3,1,4,"No"
37,"No","Travel_Rarely",1,4,"Life Sciences",1,"Male",2,2,"3","Divorced",5993,1,"No",18,3,3,"1",7,2,4,5,0,7,"No"
38,"No","Travel_Rarely",1,3,"Life Sciences",1,"Male",2,1,"1","Single",2858,4,"No",14,3,1,"0",20,3,2,0,0,0,"No"
44,"No","Non-Travel",5,3,"Life Sciences",3,"Male",2,1,"3","Single",3162,3,"No",14,3,4,"0",7,5,3,2,0,3,"No"
39,"No","Travel_Frequently",4,3,"Medical",1,"Female",3,2,"3","Single",5042,0,"No",13,3,4,"0",10,2,1,2,3,8,"No"
29,"No","Travel_Rarely",7,3,"Life Sciences",3,"Male",3,2,"4","Divorced",6623,1,"Yes",11,3,2,"2",6,2,3,0,1,0,"No"
25,"No","Travel_Rarely",19,1,"Medical",4,"Male",3,1,"4","Married",3669,3,"No",11,3,3,"3",7,6,2,2,1,2,"No"
42,"No","Travel_Rarely",23,5,"Life Sciences",1,"Female",3,4,"4","Single",15992,2,"No",14,3,2,"0",16,2,3,0,0,0,"No"
38,"No","Travel_Rarely",18,3,"Medical",2,"Male",1,2,"4","Married",5811,3,"Yes",16,3,3,"1",15,2,3,0,1,0,"No"
28,"No","Travel_Rarely",2,4,"Marketing",2,"Female",3,2,"2","Married",4779,1,"Yes",20,4,1,"0",8,2,3,7,7,5,"No"
44,"No","Travel_Rarely",10,4,"Other",4,"Male",3,2,"4","Married",6465,2,"Yes",13,3,4,"0",9,5,4,2,1,3,"No"
40,"No","Travel_Rarely",19,2,"Medical",3,"Male",3,2,"4","Married",2741,8,"Yes",15,3,3,"1",15,2,4,2,3,7,"No"
38,"No","Non-Travel",6,3,"Medical",2,"Female",1,2,"4","Divorced",5329,7,"Yes",12,3,4,"3",17,3,3,11,1,9,"No"
36,"Yes","Travel_Rarely",9,4,"Life Sciences",3,"Male",2,1,"1","Single",3407,7,"No",23,4,2,"0",10,4,3,3,0,3,"No"
37,"No","Travel_Rarely",11,3,"Medical",1,"Female",3,1,"3","Single",3629,4,"No",18,3,1,"0",8,6,3,2,0,2,"No"
35,"No","Travel_Rarely",23,4,"Medical",3,"Female",3,1,"1","Married",4014,3,"Yes",15,3,3,"1",4,3,3,2,2,2,"No"
22,"No","Non-Travel",26,2,"Other",2,"Female",2,1,"3","Married",2814,1,"Yes",14,3,2,"0",4,2,2,2,1,3,"No"
34,"Yes","Travel_Rarely",24,4,"Medical",1,"Female",2,2,"2","Single",4599,0,"Yes",23,4,3,"0",16,2,4,9,10,10,"Yes"
28,"Yes","Travel_Frequently",1,3,"Technical Degree",1,"Male",3,1,"3","Married",2909,3,"No",15,3,4,"1",5,3,4,2,1,2,"No"
49,"No","Travel_Rarely",25,4,"Life Sciences",3,"Female",3,1,"1","Married",3211,1,"No",14,3,4,"1",10,3,2,6,1,4,"No"
40,"No","Travel_Rarely",15,3,"Life Sciences",1,"Female",2,3,"3","Married",10435,1,"No",13,3,4,"2",18,2,3,15,14,12,"No"
33,"No","Travel_Rarely",1,3,"Medical",1,"Male",4,2,"1","Divorced",4037,1,"No",22,4,1,"1",9,5,3,8,0,8,"No"
35,"No","Travel_Rarely",25,3,"Technical Degree",4,"Male",2,3,"2","Married",10903,3,"No",16,3,1,"0",16,2,3,10,4,8,"No"
40,"No","Travel_Rarely",2,3,"Medical",2,"Female",2,2,"3","Married",3448,6,"No",22,4,2,"1",20,3,3,0,0,0,"No"
27,"No","Travel_Rarely",4,3,"Life Sciences",2,"Male",4,2,"2","Married",6142,1,"Yes",20,4,2,"1",6,0,3,2,0,3,"No"
24,"Yes","Travel_Rarely",1,3,"Medical",2,"Male",3,1,"4","Married",2293,2,"Yes",16,3,1,"1",6,2,2,0,2,0,"No"
24,"No","Non-Travel",13,2,"Life Sciences",4,"Female",3,1,"2","Married",2033,1,"No",13,3,3,"1",1,2,3,0,0,0,"No"
32,"No","Non-Travel",1,4,"Technical Degree",4,"Male",3,2,"1","Married",4087,4,"No",14,3,2,"1",9,3,2,5,1,2,"No"
30,"No","Travel_Rarely",8,2,"Life Sciences",2,"Female",4,3,"1","Married",11416,0,"Yes",12,3,3,"3",9,4,2,7,1,7,"No"
29,"No","Travel_Rarely",6,1,"Medical",2,"Female",3,1,"4","Married",3131,1,"No",13,3,1,"1",10,5,3,8,0,8,"No"
29,"Yes","Travel_Rarely",9,3,"Marketing",2,"Female",1,1,"2","Single",2760,1,"No",13,3,3,"0",2,3,3,2,2,2,"No"
53,"No","Travel_Rarely",7,3,"Life Sciences",3,"Male",4,4,"3","Married",14814,3,"No",19,3,3,"0",32,3,3,1,1,3,"No"
59,"No","Travel_Frequently",1,1,"Life Sciences",1,"Female",2,2,"3","Single",5473,7,"No",11,3,4,"0",20,2,2,3,1,3,"No"
38,"No","Travel_Rarely",7,2,"Medical",1,"Female",4,2,"1","Divorced",5605,1,"Yes",24,4,3,"1",8,3,3,0,7,7,"No"
26,"No","Travel_Rarely",7,3,"Other",3,"Male",4,1,"1","Single",3578,0,"No",12,3,4,"0",8,2,3,7,0,7,"No"
33,"No","Non-Travel",8,1,"Life Sciences",2,"Female",2,1,"4","Single",2342,0,"No",19,3,4,"0",3,2,2,2,2,2,"No"
35,"No","Travel_Rarely",1,3,"Medical",4,"Female",2,2,"4","Married",5363,0,"No",12,3,2,"1",10,0,3,7,0,0,"No"
41,"No","Non-Travel",2,4,"Other",1,"Female",2,2,"3","Single",6811,2,"Yes",17,3,1,"0",10,3,3,7,0,7,"No"
33,"Yes","Travel_Rarely",2,2,"Life Sciences",1,"Female",3,1,"1","Married",2707,7,"No",20,4,1,"0",13,3,4,7,1,7,"No"
19,"Yes","Travel_Rarely",21,3,"Other",4,"Male",2,1,"2","Single",2121,1,"Yes",13,3,2,"0",1,3,4,0,0,0,"No"
30,"No","Travel_Rarely",8,2,"Other",3,"Male",3,3,"3","Divorced",7264,5,"No",11,3,1,"1",10,2,4,4,7,7,"No"
34,"No","Travel_Rarely",5,2,"Medical",2,"Male",2,2,"4","Married",3986,1,"No",14,3,3,"1",15,3,4,10,4,13,"No"
33,"No","Travel_Rarely",4,4,"Medical",1,"Female",2,1,"2","Married",3838,8,"No",11,3,4,"0",8,5,3,4,0,2,"No"
44,"No","Travel_Rarely",1,5,"Marketing",2,"Female",3,2,"1","Divorced",5454,5,"Yes",21,4,3,"1",9,2,2,3,1,3,"No"
39,"No","Travel_Rarely",6,1,"Medical",4,"Male",2,3,"1","Married",9991,4,"No",15,3,1,"1",9,5,3,7,1,7,"No"
35,"No","Non-Travel",3,3,"Life Sciences",3,"Male",2,1,"3","Married",1281,1,"No",18,3,3,"2",1,3,3,0,0,0,"No"
20,"Yes","Travel_Frequently",6,3,"Life Sciences",4,"Female",2,1,"4","Single",2926,1,"Yes",18,3,2,"0",1,5,3,0,1,0,"Yes"
47,"No","Travel_Frequently",16,4,"Medical",3,"Male",4,2,"3","Divorced",5067,1,"Yes",19,3,3,"0",20,3,4,10,2,7,"No"
34,"No","Travel_Rarely",1,4,"Life Sciences",2,"Female",4,1,"4","Single",3280,2,"No",16,3,3,"0",10,2,3,2,1,3,"No"
35,"No","Travel_Rarely",26,4,"Life Sciences",3,"Female",3,3,"4","Single",8837,1,"Yes",16,3,3,"0",9,2,3,0,1,7,"No"
28,"Yes","Travel_Frequently",2,2,"Medical",3,"Male",2,1,"1","Single",2561,7,"No",11,3,3,"0",8,2,2,0,0,0,"No"
27,"No","Travel_Rarely",4,2,"Life Sciences",1,"Male",3,1,"3","Divorced",2517,1,"No",11,3,2,"3",5,2,3,3,0,3,"No"
24,"No","Travel_Rarely",4,1,"Medical",4,"Female",3,2,"3","Married",4162,1,"Yes",12,3,3,"2",5,3,3,4,0,3,"No"
38,"No","Travel_Rarely",15,2,"Life Sciences",3,"Male",2,3,"4","Divorced",11510,0,"Yes",14,3,2,"1",12,3,3,10,2,9,"No"
55,"No","Travel_Frequently",2,1,"Life Sciences",4,"Male",3,3,"2","Married",10976,3,"No",18,3,2,"1",23,4,3,2,1,2,"No"
34,"No","Travel_Rarely",9,3,"Medical",4,"Female",2,3,"2","Single",8621,1,"No",14,3,2,"0",9,3,4,7,7,7,"No"
55,"No","Travel_Rarely",2,4,"Technical Degree",2,"Male",2,1,"4","Married",2662,8,"No",20,4,2,"1",19,2,4,2,0,4,"No"
34,"No","Travel_Rarely",1,3,"Marketing",1,"Male",3,3,"4","Single",9888,1,"No",21,4,1,"0",14,3,2,8,2,1,"No"
38,"No","Travel_Rarely",3,4,"Life Sciences",2,"Male",3,2,"4","Single",6861,8,"Yes",12,3,3,"0",19,1,3,0,0,0,"No"
36,"No","Travel_Rarely",3,2,"Life Sciences",1,"Female",3,1,"4","Divorced",2835,5,"No",22,4,1,"1",7,2,3,0,0,0,"No"
43,"No","Travel_Rarely",7,3,"Life Sciences",3,"Female",3,3,"1","Married",9985,8,"No",16,3,1,"1",10,1,2,0,0,0,"No"
35,"No","Travel_Frequently",4,4,"Other",4,"Male",2,1,"4","Married",2376,1,"No",13,3,2,"1",2,2,4,2,2,2,"No"
42,"No","Travel_Rarely",2,2,"Medical",4,"Male",3,4,"1","Married",17665,0,"No",17,3,4,"1",23,3,3,6,13,7,"No"
34,"No","Travel_Rarely",13,4,"Medical",4,"Male",3,3,"3","Divorced",8628,1,"No",18,3,3,"1",9,2,2,7,1,1,"No"
24,"No","Travel_Rarely",23,3,"Medical",2,"Male",4,1,"4","Married",2725,1,"Yes",11,3,2,"2",6,3,3,5,1,4,"No"
27,"Yes","Travel_Rarely",2,1,"Marketing",3,"Male",3,1,"1","Divorced",3041,0,"No",11,3,2,"1",5,3,3,3,0,2,"No"
30,"No","Travel_Rarely",24,1,"Life Sciences",4,"Male",3,1,"3","Divorced",2693,1,"No",22,4,2,"1",1,2,3,0,0,0,"No"
40,"No","Travel_Rarely",12,3,"Life Sciences",2,"Female",3,2,"1","Divorced",4448,2,"No",12,3,2,"1",15,3,3,4,7,7,"No"
55,"No","Non-Travel",2,1,"Medical",3,"Male",2,4,"1","Single",16756,7,"No",15,3,2,"0",31,3,4,7,6,2,"No"
34,"Yes","Non-Travel",16,4,"Technical Degree",4,"Male",1,1,"1","Married",2307,1,"Yes",23,4,2,"1",5,2,3,2,3,0,"No"
41,"Yes","Non-Travel",5,2,"Life Sciences",1,"Male",2,1,"1","Divorced",2107,6,"No",17,3,1,"1",5,2,1,0,0,0,"No"
40,"No","Travel_Rarely",4,4,"Marketing",3,"Male",2,3,"4","Married",10855,7,"No",11,3,1,"1",15,2,2,11,2,11,"No"
18,"Yes","Non-Travel",8,1,"Medical",3,"Male",3,1,"3","Single",1904,1,"No",12,3,4,"0",0,0,3,0,0,0,"No"
26,"No","Travel_Rarely",17,4,"Medical",4,"Male",1,1,"3","Married",2305,1,"No",15,3,3,"3",3,3,4,2,0,2,"No"
35,"No","Travel_Rarely",1,4,"Marketing",3,"Male",2,2,"1","Single",4312,0,"No",14,3,2,"0",16,2,3,13,2,8,"No"
40,"Yes","Travel_Rarely",7,3,"Life Sciences",1,"Male",3,1,"1","Single",2166,3,"Yes",14,3,2,"0",10,3,1,2,0,3,"Yes"
35,"No","Travel_Rarely",1,3,"Medical",4,"Male",2,1,"1","Single",2450,1,"No",19,3,2,"0",3,3,3,0,1,2,"No"
60,"No","Travel_Rarely",7,4,"Marketing",2,"Male",4,2,"4","Divorced",5220,0,"Yes",18,3,2,"1",12,3,3,7,1,9,"No"
40,"No","Travel_Frequently",9,4,"Medical",2,"Female",3,3,"3","Single",13499,9,"No",17,3,3,"0",20,3,2,7,2,13,"No"
48,"No","Travel_Rarely",29,1,"Medical",1,"Female",3,3,"3","Married",12504,3,"No",21,4,2,"1",15,3,1,0,0,0,"No"
22,"Yes","Travel_Frequently",4,1,"Technical Degree",3,"Male",2,1,"3","Single",3894,5,"No",16,3,3,"0",4,3,3,2,1,2,"Yes"
26,"No","Travel_Frequently",11,2,"Medical",1,"Male",3,2,"1","Married",4741,1,"Yes",13,3,3,"1",5,3,3,3,3,3,"No"
51,"No","Travel_Rarely",8,4,"Life Sciences",2,"Male",2,3,"2","Married",12490,5,"No",16,3,4,"2",16,5,1,9,4,7,"No"
54,"No","Travel_Frequently",11,4,"Medical",2,"Female",3,4,"4","Divorced",16032,3,"No",20,4,1,"1",26,2,3,9,1,12,"No"
41,"No","Travel_Rarely",6,3,"Medical",4,"Male",2,2,"2","Single",6032,6,"Yes",15,3,4,"0",8,3,3,4,1,2,"No"
36,"No","Travel_Frequently",11,3,"Life Sciences",2,"Male",2,2,"2","Single",6499,1,"No",13,3,3,"0",6,3,3,5,0,3,"No"
32,"No","Travel_Frequently",24,4,"Life Sciences",1,"Male",3,2,"4","Married",5309,1,"No",15,3,4,"2",10,2,3,8,4,7,"No"
34,"No","Travel_Rarely",2,4,"Life Sciences",4,"Male",2,1,"3","Divorced",2768,3,"No",12,3,3,"1",14,3,3,3,5,7,"No"
46,"No","Travel_Rarely",2,3,"Life Sciences",3,"Male",3,3,"4","Divorced",10368,4,"Yes",12,3,2,"1",13,5,2,6,0,3,"No"
35,"No","Travel_Rarely",10,3,"Other",2,"Male",3,1,"4","Divorced",3917,1,"No",20,4,1,"1",3,4,2,2,1,2,"No"
34,"No","Non-Travel",23,4,"Marketing",2,"Male",3,2,"3","Single",4568,0,"No",20,4,3,"0",10,2,3,5,8,7,"No"
29,"No","Travel_Frequently",1,3,"Life Sciences",4,"Male",4,2,"3","Single",6294,8,"Yes",12,3,4,"0",10,5,4,2,0,2,"No"
29,"No","Travel_Frequently",1,1,"Medical",2,"Female",3,3,"4","Married",7918,1,"No",14,3,4,"1",11,5,3,10,4,1,"No"
33,"Yes","Travel_Rarely",10,1,"Medical",1,"Male",1,1,"4","Divorced",3408,7,"No",13,3,1,"3",8,2,3,3,1,3,"Yes"
32,"Yes","Travel_Rarely",7,2,"Life Sciences",4,"Male",3,2,"3","Married",4883,1,"No",18,3,1,"1",10,3,3,4,1,1,"No"
54,"No","Travel_Rarely",3,3,"Life Sciences",4,"Male",3,4,"4","Married",17779,3,"No",14,3,1,"0",36,2,3,9,0,9,"No"
37,"No","Travel_Rarely",7,4,"Medical",1,"Male",3,3,"3","Single",13664,4,"No",13,3,1,"0",16,3,4,2,0,2,"No"
33,"No","Travel_Rarely",2,4,"Medical",4,"Male",3,2,"4","Divorced",5505,1,"No",14,3,3,"2",6,5,3,2,0,4,"No"
28,"No","Travel_Frequently",7,3,"Life Sciences",3,"Male",3,2,"1","Single",4898,0,"No",14,3,4,"0",5,5,3,2,1,3,"No"
35,"Yes","Travel_Frequently",25,4,"Life Sciences",4,"Female",3,1,"2","Divorced",2022,1,"Yes",19,3,1,"1",10,3,2,2,7,8,"No"
27,"No","Travel_Rarely",8,3,"Medical",2,"Female",4,1,"3","Married",3517,7,"No",17,3,1,"0",5,0,3,2,0,2,"No"
46,"No","Travel_Rarely",4,2,"Marketing",4,"Female",2,5,"2","Married",18789,2,"No",14,3,3,"1",26,2,3,4,0,8,"No"
36,"No","Travel_Rarely",1,3,"Other",3,"Female",3,2,"2","Married",5228,0,"No",15,3,1,"1",10,2,3,7,0,5,"No"
40,"No","Travel_Frequently",11,3,"Technical Degree",4,"Female",3,2,"3","Married",6323,1,"No",11,3,1,"1",10,2,4,9,9,4,"No"
36,"No","Travel_Frequently",4,2,"Life Sciences",4,"Female",3,2,"2","Divorced",5131,7,"No",13,3,2,"3",18,3,3,2,0,2,"No"
31,"No","Travel_Rarely",7,4,"Life Sciences",2,"Male",2,1,"3","Married",2329,3,"No",15,3,2,"0",13,2,4,7,5,2,"No"
25,"No","Travel_Rarely",4,1,"Marketing",3,"Male",2,2,"1","Married",4256,1,"No",12,3,1,"0",5,1,4,2,0,3,"No"
43,"No","Travel_Frequently",21,3,"Medical",4,"Male",3,1,"4","Married",2258,7,"No",20,4,1,"1",8,1,3,2,1,2,"No"
36,"No","Travel_Rarely",26,4,"Life Sciences",1,"Male",3,2,"3","Married",5347,6,"No",14,3,2,"2",10,2,2,2,0,2,"No"
57,"No","Travel_Rarely",24,2,"Life Sciences",3,"Male",4,3,"4","Divorced",9439,3,"Yes",16,3,2,"1",12,2,1,3,1,4,"No"
28,"No","Travel_Rarely",21,3,"Medical",3,"Male",3,1,"4","Married",2713,1,"No",11,3,3,"1",5,2,1,2,0,2,"No"
31,"No","Travel_Rarely",9,1,"Life Sciences",3,"Male",3,3,"2","Divorced",10648,1,"No",25,4,4,"1",13,6,4,8,0,8,"No"
29,"Yes","Travel_Frequently",14,1,"Other",3,"Female",3,3,"4","Single",7553,0,"Yes",12,3,1,"0",9,1,3,7,7,7,"No"
33,"No","Travel_Rarely",4,4,"Medical",3,"Female",2,1,"2","Married",2622,6,"No",21,4,4,"0",7,3,3,2,1,1,"No"
19,"Yes","Travel_Rarely",2,3,"Life Sciences",2,"Male",2,1,"4","Single",1102,1,"No",22,4,3,"0",1,3,2,0,1,0,"No"
38,"No","Non-Travel",2,3,"Human Resources",1,"Male",3,1,"2","Divorced",2592,5,"No",13,3,4,"3",13,3,3,10,3,8,"No"
38,"No","Travel_Frequently",10,4,"Human Resources",3,"Male",3,2,"3","Married",6077,3,"No",11,3,3,"0",10,2,3,3,1,2,"No"
47,"Yes","Non-Travel",29,4,"Life Sciences",1,"Male",3,3,"2","Married",11849,1,"Yes",12,3,4,"1",10,2,2,7,9,9,"No"
42,"No","Travel_Rarely",2,4,"Other",1,"Male",2,2,"4","Single",6781,3,"No",23,4,2,"0",14,6,3,0,0,0,"No"
30,"Yes","Travel_Frequently",4,3,"Technical Degree",3,"Male",3,1,"4","Single",2285,9,"Yes",23,4,3,"0",3,4,3,0,0,0,"No"
37,"No","Travel_Frequently",1,4,"Medical",3,"Male",1,2,"4","Divorced",9525,1,"No",14,3,3,"2",6,2,2,3,1,3,"No"
47,"No","Travel_Rarely",2,4,"Life Sciences",4,"Female",2,1,"4","Single",3294,1,"Yes",18,3,1,"0",3,3,2,2,1,2,"No"
48,"No","Travel_Frequently",4,5,"Medical",3,"Male",2,4,"4","Married",15202,2,"No",25,4,2,"1",23,3,3,2,2,2,"No"
36,"No","Travel_Rarely",5,2,"Life Sciences",4,"Male",3,2,"2","Single",5914,8,"No",16,3,4,"0",16,3,4,11,3,7,"No"
18,"Yes","Travel_Frequently",3,2,"Medical",2,"Female",3,1,"4","Single",1569,1,"Yes",12,3,3,"0",0,2,4,0,0,0,"Yes"
46,"No","Travel_Rarely",15,2,"Life Sciences",4,"Male",3,5,"2","Married",19081,5,"No",11,3,1,"1",25,2,3,2,0,3,"No"
29,"No","Travel_Rarely",6,1,"Medical",4,"Male",2,1,"2","Married",2804,1,"No",11,3,4,"0",1,3,3,0,0,0,"No"
34,"No","Travel_Rarely",9,1,"Life Sciences",2,"Female",3,2,"3","Married",5714,1,"No",20,4,1,"0",6,3,2,5,1,3,"No"
35,"No","Non-Travel",8,2,"Marketing",3,"Female",2,3,"4","Married",10377,4,"Yes",11,3,2,"1",16,6,2,2,4,12,"No"
26,"Yes","Travel_Rarely",20,2,"Medical",4,"Female",3,1,"2","Married",2148,0,"Yes",11,3,3,"0",6,3,3,1,1,4,"No"
59,"No","Travel_Rarely",6,2,"Medical",2,"Male",3,1,"3","Married",2267,8,"No",17,3,4,"0",7,2,2,2,2,2,"No"
41,"No","Non-Travel",10,2,"Life Sciences",4,"Male",3,2,"4","Single",6230,7,"No",14,3,4,"0",16,3,3,3,1,10,"No"
54,"No","Travel_Rarely",7,4,"Medical",4,"Female",3,2,"4","Married",6854,4,"No",15,3,2,"1",14,2,2,1,1,7,"No"
31,"No","Travel_Rarely",8,2,"Medical",4,"Female",4,1,"2","Single",2109,9,"No",18,3,4,"0",8,3,3,2,0,2,"No"
38,"No","Travel_Rarely",6,2,"Other",4,"Female",2,1,"3","Married",3702,1,"No",11,3,2,"1",5,3,3,4,0,4,"No"
50,"No","Non-Travel",2,4,"Life Sciences",1,"Male",3,4,"1","Divorced",17924,1,"No",11,3,4,"1",31,3,3,6,14,7,"No"
30,"No","Travel_Rarely",17,4,"Medical",2,"Female",3,3,"1","Married",11916,1,"Yes",23,4,4,"2",9,2,3,1,0,8,"No"
57,"No","Travel_Rarely",29,3,"Marketing",1,"Male",2,4,"4","Divorced",14118,3,"No",12,3,3,"1",32,3,2,0,0,0,"No"
48,"No","Travel_Rarely",2,2,"Technical Degree",4,"Male",4,1,"2","Single",2559,5,"No",11,3,3,"0",7,4,2,0,0,0,"No"
36,"No","Travel_Frequently",3,4,"Medical",1,"Male",2,3,"4","Married",9699,4,"No",11,3,1,"1",16,2,3,9,1,12,"No"
36,"No","Non-Travel",8,4,"Life Sciences",1,"Male",2,3,"1","Single",7587,1,"No",15,3,2,"0",10,1,3,7,0,9,"No"
24,"Yes","Travel_Rarely",22,1,"Human Resources",4,"Male",1,1,"3","Married",1555,1,"No",11,3,3,"1",1,2,3,0,0,0,"No"
30,"No","Travel_Rarely",10,3,"Marketing",3,"Male",2,2,"3","Married",6578,1,"No",18,3,1,"1",10,3,3,3,1,4,"No"
28,"No","Travel_Rarely",10,3,"Other",3,"Female",3,2,"3","Single",3660,3,"No",13,3,4,"0",10,4,4,7,1,7,"No"
35,"Yes","Travel_Frequently",12,4,"Other",4,"Male",3,2,"4","Single",4581,3,"Yes",24,4,1,"0",13,2,4,9,6,7,"No"
28,"No","Travel_Rarely",3,3,"Medical",4,"Female",3,3,"2","Divorced",7655,0,"No",17,3,2,"3",10,3,2,7,1,7,"No"
37,"No","Travel_Rarely",3,3,"Other",3,"Male",3,3,"3","Married",9434,1,"No",15,3,3,"1",10,2,3,7,7,8,"No"
37,"No","Travel_Rarely",19,3,"Life Sciences",3,"Male",3,2,"3","Married",5768,3,"No",17,3,1,"3",9,2,2,3,0,2,"No"
34,"No","Travel_Frequently",1,4,"Other",4,"Male",3,1,"1","Divorced",2996,5,"No",14,3,3,"2",10,2,3,3,1,3,"No"
36,"No","Travel_Rarely",12,5,"Medical",4,"Female",2,3,"4","Single",8858,0,"No",11,3,2,"0",15,2,2,8,7,8,"No"
42,"No","Travel_Rarely",8,3,"Life Sciences",4,"Male",3,1,"3","Single",3968,4,"No",13,3,4,"0",8,3,3,0,0,0,"No"
25,"No","Travel_Rarely",1,3,"Life Sciences",1,"Female",3,2,"3","Married",4898,0,"No",12,3,4,"2",5,3,3,2,1,2,"No"
37,"No","Travel_Frequently",21,2,"Medical",3,"Female",3,1,"4","Married",2973,5,"No",15,3,2,"1",10,3,3,4,0,0,"No"
34,"No","Travel_Frequently",10,4,"Medical",4,"Male",3,1,"3","Divorced",3815,1,"Yes",17,3,4,"1",5,4,4,3,2,0,"No"
26,"Yes","Travel_Rarely",24,3,"Technical Degree",3,"Male",1,1,"4","Single",2340,1,"Yes",18,3,2,"0",1,3,1,0,0,0,"Yes"
22,"No","Travel_Rarely",2,1,"Technical Degree",3,"Male",3,1,"4","Married",2523,0,"No",14,3,3,"1",3,2,3,1,2,1,"No"
43,"No","Travel_Rarely",8,3,"Life Sciences",1,"Female",3,2,"2","Divorced",4765,4,"No",21,4,3,"1",4,2,4,0,0,0,"No"
39,"Yes","Travel_Rarely",3,2,"Medical",4,"Female",3,2,"3","Married",5238,4,"Yes",18,3,1,"0",12,3,2,0,0,0,"No"
27,"Yes","Travel_Frequently",22,3,"Human Resources",1,"Female",2,1,"2","Married",2863,1,"No",12,3,1,"0",1,2,3,0,0,0,"No"
32,"Yes","Non-Travel",11,4,"Other",4,"Male",4,2,"3","Married",4707,8,"No",12,3,4,"0",6,2,3,2,1,2,"No"
34,"No","Travel_Rarely",7,4,"Medical",1,"Male",3,1,"4","Single",2972,1,"No",13,3,3,"0",1,4,1,0,0,0,"Yes"
27,"No","Travel_Rarely",2,2,"Medical",1,"Female",4,2,"3","Single",6500,0,"No",14,3,2,"0",9,5,2,7,0,7,"No"
39,"No","Travel_Rarely",24,1,"Marketing",2,"Female",2,4,"4","Married",12031,0,"No",11,3,1,"1",21,2,2,9,9,6,"No"
59,"No","Travel_Rarely",3,3,"Life Sciences",3,"Female",2,2,"4","Single",5171,5,"No",17,3,4,"0",13,2,3,1,0,5,"No"
35,"No","Travel_Rarely",18,3,"Medical",3,"Female",3,2,"3","Married",4601,1,"No",16,3,2,"0",5,3,3,2,1,0,"No"
35,"No","Travel_Rarely",25,2,"Other",1,"Male",2,2,"4","Single",3681,4,"No",14,3,4,"0",9,3,3,2,0,2,"No"
25,"No","Travel_Rarely",28,3,"Life Sciences",1,"Male",2,2,"3","Married",8639,2,"No",18,3,4,"0",6,3,3,2,2,2,"No"
31,"No","Travel_Rarely",7,3,"Life Sciences",3,"Male",2,3,"4","Divorced",11557,9,"No",21,4,3,"1",10,3,2,4,0,1,"No"
37,"No","Travel_Rarely",13,3,"Medical",1,"Male",3,2,"4","Married",4285,1,"No",17,3,1,"0",10,2,3,8,3,7,"No"
23,"No","Travel_Rarely",4,1,"Medical",3,"Female",3,1,"2","Single",3295,1,"No",13,3,3,"0",3,3,1,2,1,2,"No"
25,"No","Travel_Rarely",8,2,"Other",1,"Female",3,2,"3","Divorced",4907,0,"Yes",22,4,2,"1",6,3,2,3,0,4,"No"
24,"No","Travel_Rarely",21,2,"Technical Degree",3,"Male",2,1,"1","Divorced",2296,0,"No",14,3,2,"3",2,3,3,1,0,0,"No"
29,"Yes","Travel_Rarely",13,3,"Human Resources",1,"Male",2,1,"1","Divorced",2335,4,"Yes",15,3,4,"3",4,3,3,2,2,0,"Yes"
34,"No","Travel_Frequently",1,3,"Medical",4,"Male",2,2,"1","Single",5343,0,"No",20,4,3,"0",14,3,3,9,4,9,"No"
24,"No","Travel_Rarely",29,1,"Medical",2,"Male",3,1,"1","Divorced",3907,1,"No",13,3,2,"3",6,2,4,2,1,2,"No"
33,"No","Travel_Rarely",2,3,"Life Sciences",3,"Male",3,1,"4","Single",2500,0,"No",14,3,1,"0",4,2,4,1,0,2,"No"
20,"Yes","Travel_Frequently",9,3,"Marketing",4,"Female",3,1,"4","Single",2323,1,"Yes",14,3,2,"0",2,3,3,2,0,2,"Yes"
31,"Yes","Travel_Frequently",1,3,"Life Sciences",4,"Female",3,1,"2","Single",2302,1,"Yes",11,3,1,"0",3,2,4,2,2,2,"Yes"
50,"No","Travel_Frequently",20,5,"Medical",2,"Male",3,4,"3","Married",11245,2,"Yes",15,3,3,"1",32,3,3,8,12,13,"No"
46,"Yes","Travel_Rarely",10,3,"Life Sciences",3,"Female",3,3,"2","Married",7314,5,"No",21,4,3,"3",14,2,3,7,0,7,"No"
54,"No","Travel_Rarely",2,4,"Technical Degree",1,"Female",3,3,"3","Married",13549,9,"No",12,3,1,"1",16,5,1,3,0,3,"No"
44,"No","Non-Travel",24,3,"Medical",1,"Male",1,1,"3","Single",3708,2,"No",14,3,3,"0",9,5,3,2,1,4,"No"
35,"No","Travel_Rarely",21,1,"Life Sciences",4,"Female",3,2,"4","Married",4014,1,"Yes",25,4,4,"1",10,2,1,6,0,7,"No"
49,"No","Travel_Rarely",5,4,"Technical Degree",1,"Male",3,2,"3","Married",6651,2,"No",14,3,2,"1",20,0,2,2,1,2,"No"
38,"No","Travel_Rarely",4,2,"Medical",4,"Female",3,1,"3","Married",3306,7,"No",19,3,4,"1",7,5,2,0,0,0,"No"
45,"Yes","Travel_Rarely",2,3,"Marketing",1,"Female",1,5,"2","Single",18824,2,"Yes",16,3,1,"0",26,2,3,10,1,11,"No"
29,"Yes","Travel_Rarely",10,3,"Life Sciences",4,"Female",2,1,"1","Single",2404,6,"Yes",20,4,3,"0",3,5,3,0,0,0,"No"
47,"No","Travel_Rarely",2,2,"Other",3,"Female",3,4,"4","Married",16752,1,"Yes",11,3,3,"1",26,3,2,14,3,0,"No"
41,"No","Non-Travel",10,2,"Medical",3,"Male",1,2,"2","Single",6151,1,"No",13,3,1,"0",19,4,3,2,11,9,"No"
50,"No","Non-Travel",1,3,"Life Sciences",4,"Female",3,2,"3","Married",6347,0,"No",12,3,1,"1",19,3,3,7,0,13,"No"
34,"No","Travel_Rarely",3,2,"Human Resources",3,"Male",3,1,"4","Married",3737,0,"No",19,3,3,"1",4,1,1,2,0,2,"No"
45,"No","Travel_Rarely",5,5,"Medical",3,"Female",1,2,"1","Single",5769,1,"Yes",14,3,1,"0",10,3,3,7,1,4,"No"
41,"No","Travel_Rarely",7,2,"Technical Degree",2,"Female",4,1,"3","Married",3376,1,"No",13,3,3,"0",10,3,3,6,0,8,"No"
40,"No","Non-Travel",28,3,"Other",3,"Male",1,3,"1","Divorced",10932,3,"No",15,3,3,"1",20,2,3,0,0,1,"No"
46,"No","Travel_Rarely",2,4,"Technical Degree",4,"Male",3,2,"4","Divorced",7379,2,"No",11,3,3,"1",12,3,2,3,1,4,"No"
45,"No","Non-Travel",9,4,"Life Sciences",2,"Female",2,2,"3","Married",5593,1,"No",13,3,4,"1",15,2,3,10,4,12,"No"
33,"No","Travel_Frequently",10,3,"Marketing",2,"Male",2,2,"4","Single",4682,3,"No",14,3,3,"0",9,6,2,7,0,1,"No"
46,"No","Travel_Rarely",1,2,"Marketing",2,"Female",3,3,"1","Divorced",10453,1,"No",25,4,3,"3",24,2,3,13,15,7,"No"
39,"No","Travel_Frequently",2,4,"Technical Degree",3,"Female",3,3,"3","Single",10938,0,"No",25,4,4,"0",20,1,3,6,11,8,"No"
36,"Yes","Travel_Rarely",9,3,"Medical",4,"Male",2,1,"3","Married",3388,0,"Yes",17,3,1,"1",2,0,2,0,0,0,"Yes"
42,"No","Travel_Frequently",2,3,"Life Sciences",4,"Male",3,3,"4","Married",10124,2,"Yes",14,3,3,"1",24,3,1,8,13,9,"No"
23,"No","Travel_Rarely",10,1,"Medical",1,"Male",4,1,"3","Single",3505,1,"No",18,3,4,"0",2,3,3,2,0,2,"No"
30,"No","Travel_Rarely",1,3,"Life Sciences",3,"Male",3,1,"3","Divorced",2064,0,"No",21,4,1,"1",6,3,4,3,1,3,"No"
32,"No","Non-Travel",2,1,"Life Sciences",3,"Female",3,1,"1","Divorced",2827,1,"No",12,3,3,"3",1,3,3,0,0,0,"No"
26,"No","Non-Travel",7,3,"Medical",4,"Male",3,1,"4","Single",2570,1,"No",20,4,3,"0",7,5,3,7,5,7,"No"
29,"Yes","Travel_Rarely",1,4,"Medical",1,"Male",3,1,"4","Married",4787,9,"Yes",14,3,2,"3",4,3,4,2,2,2,"Yes"
41,"Yes","Travel_Rarely",20,2,"Marketing",2,"Female",3,1,"2","Single",3140,1,"Yes",22,4,4,"0",4,5,2,3,0,2,"No"
39,"No","Travel_Rarely",2,4,"Technical Degree",4,"Female",2,2,"3","Single",4553,1,"No",11,3,1,"0",20,4,3,7,11,10,"No"
33,"No","Travel_Rarely",3,2,"Human Resources",4,"Male",3,1,"2","Divorced",2277,3,"Yes",11,3,3,"1",7,4,4,3,0,3,"No"
33,"No","Travel_Frequently",25,3,"Medical",2,"Female",3,2,"3","Married",4539,1,"No",12,3,1,"1",10,3,2,7,0,1,"No"
47,"No","Non-Travel",2,4,"Marketing",3,"Male",3,2,"2","Married",4978,7,"No",11,3,4,"1",4,3,1,0,0,0,"No"
31,"No","Travel_Rarely",8,5,"Life Sciences",1,"Female",3,4,"2","Single",16422,3,"No",11,3,3,"0",9,3,4,2,1,0,"No"
51,"No","Travel_Rarely",3,3,"Technical Degree",1,"Female",3,3,"3","Married",13116,2,"No",11,3,4,"0",15,2,3,2,2,2,"No"
52,"Yes","Travel_Rarely",8,4,"Medical",3,"Male",2,2,"2","Married",4941,2,"No",15,3,1,"0",11,3,2,2,7,7,"No"
55,"No","Travel_Rarely",2,3,"Medical",3,"Male",2,5,"1","Married",19038,8,"No",12,3,2,"3",34,2,3,0,0,0,"No"
25,"No","Travel_Rarely",1,3,"Medical",4,"Female",3,1,"2","Single",2096,1,"No",18,3,4,"0",2,3,2,2,2,1,"No"
49,"No","Travel_Rarely",3,2,"Medical",3,"Female",2,2,"1","Married",4789,4,"No",25,4,1,"1",10,3,3,2,1,2,"No"
34,"No","Travel_Rarely",27,2,"Medical",4,"Female",3,1,"2","Single",2311,2,"No",15,3,4,"0",9,3,3,2,1,2,"No"
38,"No","Travel_Rarely",2,2,"Medical",4,"Female",2,3,"3","Married",7756,3,"Yes",19,3,4,"1",10,6,4,4,0,2,"No"
36,"No","Travel_Rarely",8,3,"Technical Degree",3,"Female",3,3,"3","Divorced",10096,1,"No",13,3,2,"3",17,2,3,14,12,8,"No"
49,"No","Non-Travel",18,4,"Life Sciences",4,"Male",3,2,"4","Divorced",6804,1,"Yes",15,3,1,"2",7,0,3,7,1,7,"No"
33,"Yes","Travel_Frequently",3,3,"Life Sciences",1,"Male",3,1,"1","Single",3348,1,"Yes",11,3,1,"0",10,3,3,8,9,7,"No"
45,"No","Travel_Rarely",20,2,"Medical",3,"Male",3,4,"4","Married",13496,0,"Yes",14,3,2,"0",21,2,3,7,4,10,"No"
22,"Yes","Travel_Rarely",8,1,"Medical",3,"Female",3,1,"1","Married",2398,1,"Yes",17,3,3,"0",1,6,3,0,0,0,"No"
19,"Yes","Non-Travel",10,3,"Medical",1,"Female",2,1,"2","Single",1859,1,"Yes",25,4,2,"0",1,2,4,1,0,0,"No"
36,"No","Travel_Rarely",3,2,"Life Sciences",4,"Male",4,2,"1","Divorced",6842,6,"No",20,4,1,"1",13,3,3,4,0,4,"No"
33,"No","Travel_Frequently",1,3,"Life Sciences",3,"Female",4,2,"1","Married",5376,2,"No",19,3,1,"2",10,3,3,3,1,3,"No"
31,"No","Travel_Rarely",2,1,"Life Sciences",2,"Male",3,2,"4","Single",6582,4,"Yes",13,3,3,"0",10,2,4,5,0,5,"No"
39,"No","Travel_Rarely",10,1,"Medical",3,"Male",3,4,"1","Married",17068,1,"Yes",14,3,4,"0",21,3,3,9,11,10,"No"
35,"Yes","Travel_Rarely",4,3,"Technical Degree",4,"Male",3,3,"1","Single",9582,0,"Yes",22,4,1,"0",9,2,3,7,4,7,"No"
44,"No","Non-Travel",23,3,"Medical",2,"Male",3,2,"2","Married",2042,4,"No",12,3,3,"1",17,3,4,2,1,2,"No"
36,"No","Travel_Rarely",10,3,"Life Sciences",4,"Male",3,3,"1","Married",8321,7,"Yes",13,3,4,"1",15,1,3,8,5,7,"No"
25,"No","Travel_Rarely",18,1,"Life Sciences",1,"Male",4,2,"3","Married",6232,2,"No",11,3,2,"0",6,3,2,2,1,2,"No"
22,"No","Travel_Rarely",19,1,"Medical",3,"Male",3,1,"4","Married",2323,1,"No",24,4,1,"2",2,6,3,2,2,2,"No"
30,"No","Travel_Rarely",16,1,"Life Sciences",2,"Male",3,1,"4","Married",2862,1,"No",12,3,2,"1",10,2,2,0,0,8,"No"
27,"No","Travel_Rarely",17,3,"Technical Degree",3,"Male",3,1,"2","Married",3058,0,"Yes",16,3,4,"1",6,3,2,2,1,1,"No"
30,"No","Non-Travel",9,3,"Medical",3,"Male",3,2,"1","Divorced",3072,1,"No",11,3,3,"2",12,4,3,9,6,10,"No"
25,"No","Travel_Rarely",1,3,"Technical Degree",1,"Male",3,1,"4","Married",3229,4,"No",11,3,2,"1",7,2,2,2,0,2,"No"
24,"No","Travel_Rarely",10,4,"Marketing",4,"Female",3,2,"3","Divorced",4260,1,"Yes",12,3,4,"1",5,2,4,2,0,3,"No"
47,"No","Travel_Rarely",26,4,"Life Sciences",4,"Female",3,5,"3","Married",19658,3,"No",11,3,3,"1",27,2,3,2,1,0,"No"
38,"No","Travel_Rarely",9,3,"Marketing",2,"Male",2,1,"2","Married",2899,0,"No",19,3,4,"1",3,3,3,2,1,2,"No"
33,"No","Travel_Rarely",9,3,"Medical",1,"Male",3,1,"4","Married",2781,0,"No",13,3,2,"1",15,5,3,10,4,10,"No"
30,"No","Travel_Rarely",2,3,"Medical",3,"Female",2,2,"4","Single",6877,5,"Yes",24,4,2,"0",12,4,2,0,0,0,"No"
33,"No","Travel_Rarely",7,3,"Medical",3,"Male",3,3,"3","Married",11691,0,"No",11,3,4,"0",14,3,4,9,3,7,"No"
30,"No","Travel_Rarely",2,1,"Medical",2,"Male",2,1,"4","Single",2720,0,"No",13,3,4,"0",6,3,3,3,1,2,"No"
28,"Yes","Travel_Rarely",13,2,"Marketing",4,"Female",3,2,"3","Single",9854,3,"Yes",11,3,4,"0",6,0,3,0,2,2,"No"
32,"No","Travel_Rarely",5,4,"Other",2,"Female",4,1,"4","Married",3312,3,"No",17,3,4,"2",6,3,3,2,0,2,"No"
29,"No","Travel_Rarely",20,2,"Marketing",4,"Male",3,2,"4","Divorced",6931,2,"No",14,3,4,"1",10,2,3,2,0,2,"No"
34,"No","Travel_Rarely",28,3,"Marketing",4,"Female",2,2,"3","Married",6712,1,"No",21,4,4,"2",8,2,3,7,1,7,"No"
31,"Yes","Travel_Frequently",15,3,"Medical",3,"Male",3,1,"3","Married",2610,1,"No",12,3,3,"1",2,5,2,2,2,2,"No"
36,"No","Travel_Rarely",12,4,"Life Sciences",3,"Female",3,2,"3","Married",4663,9,"Yes",12,3,2,"2",7,2,3,2,1,1,"No"
46,"No","Travel_Rarely",1,4,"Medical",4,"Male",3,5,"4","Divorced",19627,9,"No",17,3,4,"2",23,0,3,2,2,2,"No"
31,"Yes","Travel_Rarely",16,4,"Marketing",1,"Male",3,3,"3","Married",8161,2,"No",13,3,1,"3",10,2,3,0,0,0,"No"
34,"No","Travel_Rarely",2,3,"Marketing",3,"Female",3,2,"1","Single",4538,0,"Yes",12,3,4,"0",4,3,3,2,0,2,"Yes"
38,"No","Travel_Frequently",2,2,"Medical",3,"Female",2,1,"2","Married",2468,4,"No",14,3,2,"1",9,4,2,1,0,5,"No"
50,"No","Travel_Frequently",3,3,"Medical",1,"Male",3,5,"2","Married",18200,1,"No",11,3,3,"1",32,2,3,5,10,7,"No"
45,"No","Non-Travel",23,2,"Life Sciences",4,"Male",3,2,"1","Married",3633,1,"Yes",15,3,3,"1",9,2,3,8,0,8,"No"
19,"Yes","Travel_Rarely",22,1,"Marketing",4,"Male",3,1,"3","Single",1675,1,"Yes",19,3,4,"0",0,2,2,0,0,0,"Yes"
28,"No","Travel_Rarely",19,4,"Medical",4,"Male",2,1,"1","Married",3196,1,"No",12,3,3,"3",6,2,3,5,3,3,"No"
19,"No","Travel_Rarely",9,2,"Life Sciences",3,"Male",3,1,"1","Single",2552,1,"No",25,4,3,"0",1,4,3,1,0,0,"Yes"
55,"No","Non-Travel",8,1,"Medical",4,"Male",2,4,"2","Divorced",13577,1,"Yes",15,3,4,"1",34,3,3,9,15,0,"No"
37,"No","Non-Travel",9,4,"Medical",1,"Male",3,3,"2","Divorced",8834,1,"No",13,3,4,"1",9,6,3,5,7,7,"No"
37,"No","Travel_Rarely",4,1,"Life Sciences",3,"Male",3,1,"3","Married",2996,7,"Yes",15,3,4,"0",8,2,3,4,1,3,"No"
34,"No","Travel_Rarely",21,4,"Life Sciences",4,"Male",4,2,"4","Single",5337,1,"No",12,3,4,"0",10,3,3,7,5,7,"No"
47,"No","Travel_Rarely",4,3,"Life Sciences",3,"Female",2,3,"2","Divorced",10333,8,"Yes",12,3,3,"1",28,4,3,11,14,10,"No"
48,"No","Travel_Rarely",10,3,"Life Sciences",4,"Male",2,5,"2","Married",19665,4,"No",12,3,4,"0",29,3,3,10,12,9,"No"
18,"Yes","Travel_Rarely",3,3,"Life Sciences",3,"Male",3,1,"3","Single",1420,1,"No",13,3,3,"0",0,2,3,0,0,0,"No"
29,"No","Travel_Rarely",17,3,"Other",2,"Male",2,3,"1","Single",7988,1,"No",13,3,1,"0",10,3,2,9,0,9,"No"
52,"No","Travel_Frequently",25,4,"Medical",3,"Female",2,4,"4","Married",13826,3,"No",22,4,3,"0",31,3,3,8,0,0,"No"
34,"No","Travel_Rarely",9,3,"Life Sciences",4,"Male",3,3,"4","Divorced",8500,0,"No",11,3,4,"1",10,0,2,7,1,6,"No"
34,"No","Travel_Rarely",3,2,"Life Sciences",4,"Female",1,2,"4","Single",6029,5,"No",12,3,1,"0",6,3,3,2,2,2,"No"
28,"No","Travel_Rarely",17,2,"Medical",3,"Male",3,2,"1","Divorced",4558,1,"No",12,3,4,"1",10,2,3,0,1,8,"No"
19,"No","Travel_Rarely",3,1,"Medical",2,"Female",3,1,"2","Single",1483,1,"No",14,3,4,"0",1,3,3,0,0,0,"No"
39,"No","Travel_Rarely",1,3,"Medical",3,"Male",4,3,"4","Divorced",9613,0,"No",17,3,1,"3",19,5,2,10,3,7,"No"
40,"Yes","Travel_Rarely",22,2,"Marketing",3,"Male",2,2,"3","Married",6380,2,"Yes",12,3,1,"2",8,6,3,4,1,0,"No"
26,"No","Travel_Frequently",6,3,"Other",3,"Male",4,1,"4","Married",2544,0,"No",18,3,1,"1",8,3,3,7,7,7,"No"
31,"Yes","Travel_Rarely",20,3,"Life Sciences",2,"Female",1,2,"3","Married",4559,3,"Yes",11,3,3,"1",4,2,3,2,2,2,"Yes"
30,"No","Travel_Rarely",9,2,"Medical",4,"Male",2,1,"3","Single",2206,1,"No",13,3,1,"0",10,5,3,0,1,8,"No"
29,"No","Travel_Rarely",15,2,"Life Sciences",4,"Female",2,2,"3","Single",4193,0,"Yes",12,3,4,"0",10,3,3,5,0,8,"No"
28,"No","Travel_Rarely",16,2,"Medical",2,"Male",4,2,"1","Single",5661,0,"No",19,3,3,"0",9,2,3,3,0,7,"No"
35,"No","Travel_Rarely",16,2,"Other",4,"Female",2,2,"2","Married",4788,0,"Yes",11,3,4,"0",4,2,3,2,0,2,"No"
35,"No","Travel_Rarely",7,1,"Life Sciences",4,"Male",3,1,"3","Married",2404,1,"No",13,3,1,"1",1,3,3,0,0,0,"No"
30,"Yes","Travel_Rarely",3,3,"Technical Degree",4,"Female",3,1,"1","Single",2657,5,"Yes",11,3,3,"0",8,5,3,2,0,4,"No"
31,"No","Travel_Frequently",7,2,"Life Sciences",3,"Female",2,3,"3","Married",8943,1,"No",24,4,1,"1",10,2,3,9,8,9,"No"
41,"No","Travel_Rarely",9,4,"Life Sciences",3,"Male",3,1,"1","Married",2238,2,"No",21,4,4,"1",7,2,3,0,1,4,"No"
44,"Yes","Travel_Rarely",15,3,"Medical",1,"Female",3,3,"4","Married",7978,1,"No",11,3,4,"1",10,2,3,7,0,5,"No"
51,"No","Travel_Frequently",6,2,"Medical",2,"Female",2,1,"3","Single",2838,0,"No",14,3,2,"0",8,6,2,0,7,7,"No"
43,"No","Travel_Rarely",4,4,"Marketing",4,"Female",2,3,"4","Single",10231,3,"No",14,3,4,"0",23,3,4,7,15,17,"No"
34,"Yes","Non-Travel",19,3,"Marketing",1,"Male",4,2,"4","Single",5304,8,"Yes",13,3,2,"0",9,3,2,2,0,4,"No"
47,"No","Travel_Frequently",3,3,"Medical",4,"Female",3,4,"3","Divorced",13770,9,"Yes",12,3,4,"2",28,2,2,2,11,13,"No"
45,"No","Travel_Rarely",29,3,"Technical Degree",2,"Male",3,3,"4","Married",9380,4,"Yes",18,3,4,"2",10,4,4,1,1,2,"No"
48,"No","Travel_Rarely",4,3,"Life Sciences",4,"Male",3,3,"4","Single",7898,1,"No",11,3,3,"0",11,2,3,9,0,8,"No"
32,"No","Non-Travel",26,4,"Marketing",3,"Male",3,2,"4","Married",4465,0,"No",18,3,1,"0",4,2,3,2,2,2,"No"
47,"No","Travel_Rarely",14,3,"Medical",3,"Female",3,2,"3","Married",4591,3,"Yes",17,3,3,"1",11,4,2,4,1,2,"No"
45,"No","Travel_Rarely",7,3,"Medical",1,"Female",3,1,"3","Married",4477,4,"Yes",19,3,3,"1",7,2,2,2,0,2,"No"
35,"No","Travel_Frequently",2,3,"Medical",2,"Female",3,2,"2","Single",4425,5,"No",11,3,4,"0",10,5,3,2,1,2,"No"
